"indicator","total_obs","missing_obs","completeness_rate"
"BI.PWK.CMPA.SN.MD",4646,4565,1.7
"BI.PWK.CMPA.SN.SM",4646,4565,1.7
"BI.WAG.CPRS.PB.SN.ZS",4646,4564,1.8
"BI.PWK.PUBS.RU.SS.ZS",4646,4560,1.9
"BI.WAG.CPRS.PB.GE.ZS",4646,4547,2.1
"BI.PWK.CMPA.GE.MD",4646,4548,2.1
"BI.PWK.CMPA.GE.SM",4646,4548,2.1
"BI.PWK.PUBS.TT.SS.ZS",4646,4527,2.6
"BI.WAG.CPRS.PB.UT.ZS",4646,4525,2.6
"BI.PWK.CMPA.UT.MD",4646,4526,2.6
"BI.PWK.CMPA.UT.SM",4646,4526,2.6
"BI.PWK.PUBS.SS.FE.ZS",4646,4516,2.8
"BI.EMP.FRML.SS.PB.ZS",4646,4510,2.9
"BI.WAG.CPRS.PB.JU.ZS",4646,4510,2.9
"BI.PWK.CMPA.JU.MD",4646,4509,2.9
"BI.PWK.CMPA.JU.SM",4646,4509,2.9
"BI.WAG.CPRS.PB.ST.ZS",4646,4507,3
"BI.PWK.CMPA.PO.MD",4646,4505,3
"BI.PWK.CMPA.PO.SM",4646,4505,3
"BI.PWK.CMPA.ST.MD",4646,4508,3
"BI.PWK.CMPA.ST.SM",4646,4508,3
"BI.WAG.CPRS.PB.PO.ZS",4646,4504,3.1
"BI.EMP.FRML.CA.PB.ZS",4646,4496,3.2
"BI.WAG.CPRS.PB.PT.ZS",4646,4497,3.2
"BI.PWK.CMPA.PT.MD",4646,4497,3.2
"BI.PWK.CMPA.PT.SM",4646,4497,3.2
"BI.PWK.PUBS.UM.ZS",4646,4494,3.3
"BI.WAG.CPRS.PB.HD.ZS",4646,4491,3.3
"BI.PWK.CMPA.HD.MD",4646,4491,3.3
"BI.PWK.CMPA.HD.SM",4646,4491,3.3
"BI.PWK.CMPA.HN.MD",4646,4491,3.3
"BI.PWK.CMPA.HN.SM",4646,4491,3.3
"BI.EMP.FRML.PB.PS.ZS",4646,4490,3.4
"BI.WAG.CPRS.PB.HN.ZS",4646,4490,3.4
"BI.PWK.AGES.PB.SS.SM",4646,4487,3.4
"BI.PWK.PRVS.UM.ZS",4646,4480,3.6
"BI.WAG.PUBS.SS.FM",4646,4473,3.7
"BI.PWK.PUBS.HS.ZS",4646,4473,3.7
"BI.PWK.PUBS.RU.PS.ZS",4646,4468,3.8
"BI.WAG.PREM.PB.FM.SS",4646,4471,3.8
"BI.PWK.PUBS.RU.CA.ZS",4646,4470,3.8
"BI.WAG.PRVS.MW.FM",4646,4463,3.9
"BI.EMP.PWRK.SS.PB.ZS",4646,4467,3.9
"BI.EMP.TOTL.SS.PB.ZS",4646,4467,3.9
"BI.PWK.PUBS.NO.SS",4646,4464,3.9
"BI.PWK.PUBS.TT.PS.ZS",4646,4459,4
"BI.WAG.PREM.MW.WE",4646,4458,4
"BI.WAG.PREM.PB.MW.WE",4646,4458,4
"BI.WAG.PREM.PV.FM.MW",4646,4462,4
"BI.PWK.AGES.PB.SS.MD",4646,4461,4
"BI.PWK.PUBS.TT.CA.ZS",4646,4456,4.1
"BI.EMP.TOTL.NO.SS",4646,4454,4.1
"BI.PWK.TOTL.NO.SS",4646,4453,4.2
"BI.WAG.PREM.MA.MW",4646,4449,4.2
"BI.WAG.PREM.PB.MA.MW",4646,4449,4.2
"BI.PWK.PUBS.PS.FE.ZS",4646,4449,4.2
"BI.PWK.AGES.PB.CA.SM",4646,4447,4.3
"BI.PWK.PUBS.CA.FE.ZS",4646,4448,4.3
"BI.WAG.PREM.PB.TS.WE",4646,4442,4.4
"BI.WAG.PREM.TS.WE",4646,4442,4.4
"BI.EMP.PWRK.CA.PB.ZS",4646,4442,4.4
"BI.PWK.AGES.PB.PS.SM",4646,4443,4.4
"BI.EMP.PWRK.PB.PS.ZS",4646,4435,4.5
"BI.EMP.TOTL.CA.PB.ZS",4646,4438,4.5
"BI.EMP.TOTL.PB.PS.ZS",4646,4435,4.5
"BI.WAG.PREM.MW.PE",4646,4430,4.6
"BI.WAG.PREM.PB.FM.PS",4646,4431,4.6
"BI.WAG.PREM.PB.MW.PE",4646,4430,4.6
"BI.WAG.PUBS.PS.FM",4646,4431,4.6
"BI.PWK.AGES.PB.CA.MD",4646,4432,4.6
"BI.PWK.AGES.PB.PS.MD",4646,4430,4.6
"BI.PWK.PUBS.NO.CA",4646,4433,4.6
"BI.PWK.PUBS.NO.PS",4646,4430,4.6
"BI.PWK.TOTL.NO.CA",4646,4427,4.7
"BI.PWK.TOTL.NO.PS",4646,4428,4.7
"BI.WAG.PREM.FE.MW",4646,4427,4.7
"BI.WAG.PREM.PB.FE.MW",4646,4426,4.7
"BI.WAG.PREM.PB.FM.CA",4646,4428,4.7
"BI.WAG.PUBS.CA.FM",4646,4428,4.7
"BI.EMP.TOTL.NO.CA",4646,4427,4.7
"BI.EMP.TOTL.NO.PS",4646,4428,4.7
"BI.WAG.PREM.MA.TS",4646,4421,4.8
"BI.WAG.PREM.PB.MA.TS",4646,4421,4.8
"BI.PWK.PRVS.HS.ZS",4646,4425,4.8
"BI.WAG.PREM.PV.FM.TS",4646,4410,5.1
"BI.WAG.PRVS.TS.FM",4646,4410,5.1
"BI.WAG.PREM.PB.TS.PE",4646,4403,5.2
"BI.WAG.PREM.TS.PE",4646,4403,5.2
"BI.WAG.PREM.ED",4646,4398,5.3
"BI.WAG.PREM.PB.ED.WE",4646,4398,5.3
"BI.EMP.FRML.TS.PB.ZS",4646,4393,5.4
"BI.WAG.PREM.HE",4646,4393,5.4
"BI.WAG.PREM.PB.HE.WE",4646,4393,5.4
"BI.WAG.PREM.FE.TS",4646,4392,5.5
"BI.WAG.PREM.PB.FE.TS",4646,4392,5.5
"BI.EMP.FRML.PB.MW.ZS",4646,4388,5.6
"BI.EMP.FRML.PB.TS.ZS",4646,4375,5.8
"BI.EMP.FRML.MW.PB.ZS",4646,4372,5.9
"BI.EMP.FRML.PB.PA.ZS",4646,4347,6.4
"BI.EMP.FRML.HE.PB.ZS",4646,4342,6.5
"BI.EMP.FRML.ED.PB.ZS",4646,4340,6.6
"BI.EMP.FRML.PB.HE.ZS",4646,4340,6.6
"BI.WAG.PREM.ED.GP",4646,4338,6.6
"BI.WAG.PREM.HE.GP",4646,4339,6.6
"BI.WAG.PREM.PB.FM.ED",4646,4339,6.6
"BI.WAG.PUBS.ED.FM",4646,4339,6.6
"BI.EMP.FRML.PB.ED.ZS",4646,4336,6.7
"BI.WAG.PREM.FE.ED",4646,4337,6.7
"BI.WAG.PREM.FE.HE",4646,4336,6.7
"BI.WAG.PREM.MA.ED",4646,4337,6.7
"BI.WAG.PREM.MA.HE",4646,4335,6.7
"BI.WAG.PREM.PB.ED.PE",4646,4336,6.7
"BI.WAG.PREM.PB.FE.ED",4646,4337,6.7
"BI.WAG.PREM.PB.FE.HE",4646,4334,6.7
"BI.WAG.PREM.PB.FM.HE",4646,4336,6.7
"BI.WAG.PREM.PB.HE.PE",4646,4336,6.7
"BI.WAG.PREM.PB.MA.ED",4646,4337,6.7
"BI.WAG.PREM.PB.MA.HE",4646,4335,6.7
"BI.WAG.PREM.PV.FM.ED",4646,4333,6.7
"BI.WAG.PRVS.ED.FM",4646,4333,6.7
"BI.WAG.PUBS.HE.FM",4646,4336,6.7
"BI.WAG.PREM.PB.FM.PA",4646,4331,6.8
"BI.WAG.PUBS.PA.FM",4646,4331,6.8
"BI.PWK.PUBS.RU.TS.ZS",4646,4326,6.9
"BI.WAG.PREM.PV.FM.HE",4646,4326,6.9
"BI.WAG.PRVS.HE.FM",4646,4327,6.9
"BI.PWK.PRVS.TT.TS.ZS",4646,4323,7
"BI.PWK.PUBS.TT.MW.ZS",4646,4316,7.1
"BI.EMP.PUBS.FE.MW.ZS",4646,4311,7.2
"BI.PWK.PUBS.TT.TS.ZS",4646,4313,7.2
"BI.EMP.PUBS.FE.TS.ZS",4646,4308,7.3
"BI.PWK.PRVS.TT.MW.ZS",4646,4308,7.3
"BI.PWK.PUBS.TS.FE.ZS",4646,4304,7.4
"BI.PWK.PUBS.RU.ED.ZS",4646,4303,7.4
"BI.PWK.AGES.PB.TS.SM",4646,4297,7.5
"BI.PWK.PUBS.MW.FE.ZS",4646,4298,7.5
"BI.EMP.PWRK.TS.PB.ZS",4646,4286,7.7
"BI.EMP.TOTL.TS.PB.ZS",4646,4286,7.7
"BI.PWK.AGES.PV.TS.MD",4646,4282,7.8
"BI.PWK.AGES.PV.TS.SM",4646,4282,7.8
"BI.PWK.PRVS.TT.HE.ZS",4646,4282,7.8
"BI.PWK.PUBS.TT.ED.ZS",4646,4281,7.9
"BI.EMP.PWRK.PB.MW.ZS",4646,4279,7.9
"BI.EMP.PWRK.PB.TS.ZS",4646,4281,7.9
"BI.EMP.TOTL.PB.MW.ZS",4646,4281,7.9
"BI.EMP.TOTL.PB.TS.ZS",4646,4281,7.9
"BI.PWK.AGES.PB.TS.MD",4646,4281,7.9
"BI.PWK.AGES.PB.MW.MD",4646,4276,8
"BI.PWK.AGES.PB.MW.SM",4646,4276,8
"BI.PWK.PUBS.TT.HE.ZS",4646,4271,8.1
"BI.PWK.PUBS.TT.PA.ZS",4646,4270,8.1
"BI.PWK.AGES.PV.MW.MD",4646,4271,8.1
"BI.PWK.AGES.PV.MW.SM",4646,4271,8.1
"BI.PWK.PRVS.TT.ED.ZS",4646,4269,8.1
"BI.PWK.TOTL.NO.TS",4646,4263,8.2
"BI.EMP.TOTL.MW.PB.ZS",4646,4264,8.2
"BI.EMP.TOTL.NO.TS",4646,4263,8.2
"BI.PWK.PUBS.NO.TS",4646,4264,8.2
"BI.PWK.PUBS.ED.FE.ZS",4646,4260,8.3
"BI.EMP.PUBS.FE.ED.ZS",4646,4258,8.4
"BI.EMP.PUBS.FE.HE.ZS",4646,4256,8.4
"BI.PWK.TOTL.NO.MW",4646,4256,8.4
"BI.EMP.TOTL.NO.MW",4646,4258,8.4
"BI.PWK.AGES.PB.ED.MD",4646,4254,8.4
"BI.PWK.AGES.PB.ED.SM",4646,4255,8.4
"BI.PWK.AGES.PV.ED.SM",4646,4252,8.5
"BI.PWK.PUBS.HE.FE.ZS",4646,4250,8.5
"BI.PWK.PUBS.NO.MW",4646,4251,8.5
"BI.PWK.AGES.PB.HE.MD",4646,4248,8.6
"BI.PWK.AGES.PB.HE.SM",4646,4246,8.6
"BI.PWK.AGES.PB.PA.MD",4646,4248,8.6
"BI.PWK.AGES.PB.PA.SM",4646,4246,8.6
"BI.PWK.AGES.PV.HE.SM",4646,4247,8.6
"BI.PWK.PUBS.PA.FE.ZS",4646,4248,8.6
"BI.EMP.PWRK.MW.PB.ZS",4646,4243,8.7
"BI.EMP.PWRK.PB.ED.ZS",4646,4235,8.8
"BI.EMP.PWRK.PB.HE.ZS",4646,4236,8.8
"BI.EMP.TOTL.PB.ED.ZS",4646,4233,8.9
"BI.EMP.TOTL.PB.HE.ZS",4646,4233,8.9
"BI.PWK.AGES.PV.ED.MD",4646,4231,8.9
"BI.EMP.PWRK.ED.PB.ZS",4646,4229,9
"BI.EMP.PWRK.HE.PB.ZS",4646,4229,9
"BI.EMP.TOTL.ED.PB.ZS",4646,4229,9
"BI.EMP.TOTL.HE.PB.ZS",4646,4228,9
"BI.PWK.AGES.PV.HE.MD",4646,4229,9
"BI.EMP.PWRK.PB.PA.ZS",4646,4225,9.1
"BI.EMP.TOTL.PB.PA.ZS",4646,4225,9.1
"BI.PWK.TOTL.NO.PA",4646,4208,9.4
"BI.EMP.TOTL.NO.HE",4646,4209,9.4
"BI.EMP.TOTL.NO.PA",4646,4207,9.4
"BI.PWK.PUBS.NO.ED",4646,4211,9.4
"BI.PWK.PUBS.NO.HE",4646,4209,9.4
"BI.PWK.PUBS.NO.PA",4646,4210,9.4
"BI.PWK.TOTL.NO.ED",4646,4205,9.5
"BI.PWK.TOTL.NO.HE",4646,4206,9.5
"BI.EMP.TOTL.NO.ED",4646,4205,9.5
"BI.PWK.PUBS.SY.ZS",4646,4038,13.1
"BI.PWK.PUBS.CT.ZS",4646,4025,13.4
"BI.PWK.PRVS.SY.ZS",4646,3990,14.1
"BI.WAG.PREM.PB.SN",4646,3983,14.3
"BI.WAG.PREM.PB.EO",4646,3977,14.4
"BI.WAG.PREM.PB.PN",4646,3977,14.4
"BI.WAG.PREM.PB.TN",4646,3976,14.4
"BI.WAG.PREM.PB.CK",4646,3971,14.5
"BI.WAG.PREM.PB.OC",4646,3968,14.6
"BI.WAG.PREM.PB.NN",4646,3957,14.8
"BI.PWK.PRVS.CT.ZS",4646,3952,14.9
"BI.PWK.PUBS.SN.FE.ZS",4646,3919,15.6
"BI.WAG.PREM.PB.PR",4646,3921,15.6
"BI.WAG.PREM.PB",4646,3916,15.7
"BI.WAG.PREM.PB.FL",4646,3916,15.7
"BI.WAG.PREM.PB.SG",4646,3915,15.7
"BI.WAG.PREM.PB.TT",4646,3917,15.7
"BI.WAG.PREM.PB.ED",4646,3912,15.8
"BI.WAG.PRVS.TN",4646,3912,15.8
"BI.PWK.PRVS.CK.FE.ZS",4646,3911,15.8
"BI.PWK.PRVS.EO.FE.ZS",4646,3911,15.8
"BI.PWK.PRVS.SN.FE.ZS",4646,3911,15.8
"BI.WAG.PRVS.SN",4646,3908,15.9
"BI.WAG.PUBS.TN",4646,3908,15.9
"BI.PWK.PUBS.CK.FE.ZS",4646,3905,15.9
"BI.PWK.PUBS.EO.FE.ZS",4646,3905,15.9
"BI.PWK.PUBS.TN.FE.ZS",4646,3902,16
"BI.WAG.PUBS.PN",4646,3901,16
"BI.PWK.PRVS.TN.FE.ZS",4646,3902,16
"BI.WAG.PRVS.PN",4646,3898,16.1
"BI.WAG.PUBS.SN",4646,3900,16.1
"BI.PWK.PUBS.NN.ZS",4646,3888,16.3
"BI.PWK.PRVS.PN.FE.ZS",4646,3884,16.4
"BI.PWK.PUBS.PN.FE.ZS",4646,3882,16.4
"BI.EMP.PUBS.FE.CK.ZS",4646,3828,17.6
"BI.EMP.PUBS.FE.SN.ZS",4646,3824,17.7
"BI.EMP.TOTL.PB.CK.ZS",4646,3817,17.8
"BI.EMP.PWRK.PB.CK.ZS",4646,3816,17.9
"BI.EMP.PUBS.FE.TN.ZS",4646,3812,18
"BI.EMP.TOTL.PB.SN.ZS",4646,3811,18
"BI.EMP.TOTL.PB.TN.ZS",4646,3809,18
"BI.PWK.PRVS.FE.Q2.ZS",4646,3805,18.1
"BI.PWK.PRVS.NN.ZS",4646,3806,18.1
"BI.PWK.PUBS.FE.Q3.ZS",4646,3804,18.1
"BI.PWK.PUBS.FE.Q4.ZS",4646,3804,18.1
"BI.WAG.CPRS.PV.ZS",4646,3802,18.2
"BI.WAG.PREM.PB.MA",4646,3800,18.2
"BI.WAG.PRVS.FM.MD",4646,3801,18.2
"BI.EMP.PWRK.PB.TN.ZS",4646,3802,18.2
"BI.PWK.PRVS.FE.Q1.ZS",4646,3799,18.2
"BI.PWK.PRVS.FE.Q3.ZS",4646,3801,18.2
"BI.PWK.PRVS.FE.Q5.ZS",4646,3802,18.2
"BI.PWK.PUBS.FE.Q2.ZS",4646,3800,18.2
"BI.EMP.PUBS.FE.EO.ZS",4646,3798,18.3
"BI.WAG.CPRS.PB.ZS",4646,3797,18.3
"BI.WAG.PREM.PB.FE",4646,3794,18.3
"BI.WAG.PREM.PB.GP",4646,3794,18.3
"BI.WAG.PREM.PB.PV",4646,3794,18.3
"BI.WAG.PRVS.FM.SM",4646,3795,18.3
"BI.EMP.PWRK.PB.SN.ZS",4646,3798,18.3
"BI.PWK.PRVS.FE.Q4.ZS",4646,3795,18.3
"BI.PWK.PUBS.FE.Q1.ZS",4646,3794,18.3
"BI.PWK.PUBS.FE.Q5.ZS",4646,3798,18.3
"BI.WAG.PREM.PB.FM",4646,3791,18.4
"BI.WAG.PUBS.FM.MD",4646,3792,18.4
"BI.WAG.PUBS.FM.SM",4646,3793,18.4
"BI.EMP.PWRK.PB.EO.ZS",4646,3789,18.4
"BI.EMP.PUBS.FE.PN.ZS",4646,3785,18.5
"BI.EMP.TOTL.PB.EO.ZS",4646,3786,18.5
"BI.EMP.PWRK.PB.PN.ZS",4646,3780,18.6
"BI.EMP.TOTL.PB.PN.ZS",4646,3780,18.6
"BI.EMP.FRML.PB.ZS",4646,3765,19
"BI.PWK.PUBS.RU.ZS",4646,3716,20
"BI.PWK.PRVS.RU.ZS",4646,3716,20
"BI.PWK.PUBS.TT.ZS",4646,3710,20.1
"BI.EMP.PWRK.PB.RU.ZS",4646,3702,20.3
"BI.PWK.PUBS.SG.ZS",4646,3691,20.6
"BI.EMP.TOTL.PB.RU.ZS",4646,3687,20.6
"BI.PWK.PRVS.SG.ZS",4646,3688,20.6
"BI.PWK.PUBS.PR.ZS",4646,3689,20.6
"BI.PWK.PRVS.TT.ZS",4646,3682,20.7
"BI.PWK.PRVS.PR.ZS",4646,3681,20.8
"BI.PWK.AGES.PB.SM",4646,3672,21
"BI.PWK.AGES.PB.MD",4646,3664,21.1
"BI.PWK.PRVS.FE.ZS",4646,3665,21.1
"BI.PWK.AGES.PV.MD",4646,3660,21.2
"BI.PWK.PUBS.FE.ZS",4646,3660,21.2
"BI.PWK.AGES.PV.SM",4646,3658,21.3
"BI.EMP.PWRK.PB.UR.ZS",4646,3645,21.5
"BI.EMP.PWRK.PB.FE.ZS",4646,3643,21.6
"BI.EMP.PWRK.PB.MA.ZS",4646,3642,21.6
"BI.EMP.TOTL.PB.UR.ZS",4646,3642,21.6
"BI.EMP.TOTL.PB.MA.ZS",4646,3629,21.9
"BI.EMP.TOTL.PB.FE.ZS",4646,3626,22
"BI.EMP.TOTL.PB.TT.ZS",4646,3613,22.2
"BI.EMP.PWRK.PB.ZS",4646,3512,24.4
"BI.EMP.TOTL.PB.ZS",4646,3500,24.7
"BI.PWK.TOTL.NO",4646,3491,24.9
"BI.EMP.TOTL.NO",4646,3486,25
"BI.POP.TOTL.CV",4646,3486,25
"BI.PWK.PUBS.NO",4646,3485,25
"BI.WAG.TOTL.PB.ZS",4646,550,88.2
"BI.WAG.TOTL.GD.ZS",4646,542,88.3
