"indicator","name","category"
"NW.DOW.PC","Domestic comprehensive wealth per capita index (real chained 2019 US$)","Domestic Comprehensive Wealth"
"NW.DOW.PC.CD","Domestic comprehensive wealth per capita index (current US$)","Domestic Comprehensive Wealth"
"NW.DOW.TO","Domestic comprehensive wealth index (real chained 2019 US$)","Domestic Comprehensive Wealth"
"NW.DOW.TO.CD","Domestic comprehensive wealth index (current US$)","Domestic Comprehensive Wealth"
"NW.HCA.FEMA.PC","Human capital per capita, female (real chained 2019 US$)","Human Capital"
"NW.HCA.FEMA.PC.CD","Human capital per capita, female (current US$)","Human Capital"
"NW.HCA.FEMA.TO","Human capital, female (real chained 2019 US$)","Human Capital"
"NW.HCA.FEMA.TO.CD","Human capital, female (current US$)","Human Capital"
"NW.HCA.MALE.PC","Human capital per capita, male (real chained 2019 US$)","Human Capital"
"NW.HCA.MALE.PC.CD","Human capital per capita, male (current US$)","Human Capital"
"NW.HCA.MALE.TO","Human capital, male (real chained 2019 US$)","Human Capital"
"NW.HCA.MALE.TO.CD","Human capital, male (current US$)","Human Capital"
"NW.HCA.PC","Human capital per capita (real chained 2019 US$)","Human Capital"
"NW.HCA.PC.CD","Human capital per capita (current US$)","Human Capital"
"NW.HCA.TO","Human capital (real chained 2019 US$)","Human Capital"
"NW.HCA.TO.CD","Human capital (current US$)","Human Capital"
"NW.NCA.AGRI.PC","Renewable natural capital per capita, agricultural land (real chained 2019 US$)","Natural Capital"
"NW.NCA.AGRI.PC.CD","Renewable natural capital per capita, agricultural land (current US$)","Natural Capital"
"NW.NCA.AGRI.TO","Renewable natural capital, agricultural land (real chained 2019 US$)","Natural Capital"
"NW.NCA.AGRI.TO.CD","Renewable natural capital, agricultural land (current US$)","Natural Capital"
"NW.NCA.CROP.PC.CD","Renewable natural capital per capita, agricultural land: cropland (current US$)","Natural Capital"
"NW.NCA.CROP.TO.CD","Renewable natural capital, agricultural land: cropland (current US$)","Natural Capital"
"NW.NCA.FISH.PC","Renewable natural capital per capita, fisheries (real chained 2019 US$)","Natural Capital"
"NW.NCA.FISH.PC.CD","Renewable natural capital per capita, fisheries (current US$)","Natural Capital"
"NW.NCA.FISH.TO","Renewable natural capital, fisheries (real chained 2019 US$)","Natural Capital"
"NW.NCA.FISH.TO.CD","Renewable natural capital, fisheries (current US$)","Natural Capital"
"NW.NCA.FSTC.PC","Renewable natural capital per capita, forest recreation, hunting and fishing services (real chained 2019 US$)","Natural Capital"
"NW.NCA.FSTC.PC.CD","Renewable natural capital per capita, forest recreation, hunting and fishing services (current US$)","Natural Capital"
"NW.NCA.FSTC.TO","Renewable natural capital, forest recreation, hunting and fishing services (real chained 2019 US$)","Natural Capital"
"NW.NCA.FSTC.TO.CD","Renewable natural capital, forest recreation, hunting and fishing services (current US$)","Natural Capital"
"NW.NCA.FSTP.PC","Renewable natural capital per capita, nonwood forest protection ecosystem services (real chained 2019 US$)","Natural Capital"
"NW.NCA.FSTP.PC.CD","Renewable natural capital per capita, nonwood forest protection ecosystem services (current US$)","Natural Capital"
"NW.NCA.FSTP.TO","Renewable natural capital, nonwood forest protection ecosystem services (real chained 2019 US$)","Natural Capital"
"NW.NCA.FSTP.TO.CD","Renewable natural capital, nonwood forest protection ecosystem services (current US$)","Natural Capital"
"NW.NCA.FSTW.PC","Renewable natural capital per capita, forest water ecosystem services (real chained 2019 US$)","Natural Capital"
"NW.NCA.FSTW.PC.CD","Renewable natural capital per capita, forest water ecosystem services (current US$)","Natural Capital"
"NW.NCA.FSTW.TO","Renewable natural capital, forest water ecosystem services (real chained 2019 US$)","Natural Capital"
"NW.NCA.FSTW.TO.CD","Renewable natural capital, forest water ecosystem services (current US$)","Natural Capital"
"NW.NCA.FTIM.PC","Renewable natural capital per capita, timber (real chained 2019 US$)","Natural Capital"
"NW.NCA.FTIM.PC.CD","Renewable natural capital per capita, timber (current US$)","Natural Capital"
"NW.NCA.FTIM.TO","Renewable natural capital, timber (real chained 2019 US$)","Natural Capital"
"NW.NCA.FTIM.TO.CD","Renewable natural capital, timber (current US$)","Natural Capital"
"NW.NCA.HYDR.PC","Renewable natural capital per capita, hydropower energy (real chained 2019 US$)","Natural Capital"
"NW.NCA.HYDR.PC.CD","Renewable natural capital per capita, hydropower energy (current US$)","Natural Capital"
"NW.NCA.HYDR.TO","Renewable natural capital, hydropower energy (real chained 2019 US$)","Natural Capital"
"NW.NCA.HYDR.TO.CD","Renewable natural capital, hydropower energy (current US$)","Natural Capital"
"NW.NCA.MANG.PC","Renewable natural capital per capita, mangroves (real chained 2019 US$)","Natural Capital"
"NW.NCA.MANG.PC.CD","Renewable natural capital, mangroves (current US$)","Natural Capital"
"NW.NCA.MANG.TO","Renewable natural capital, mangroves (real chained 2019 US$)","Natural Capital"
"NW.NCA.MANG.TO.CD","Renewable natural capital per capita, mangroves (current US$)","Natural Capital"
"NW.NCA.MBAU.PC","Nonrenewable natural capital per capita, metals and minerals: bauxite (real chained 2019 US$)","Natural Capital"
"NW.NCA.MBAU.PC.CD","Nonrenewable natural capital per capita, metals and minerals: bauxite (current US$)","Natural Capital"
"NW.NCA.MBAU.TO","Nonrenewable natural capital, metals and minerals: bauxite (real chained 2019 US$)","Natural Capital"
"NW.NCA.MBAU.TO.CD","Nonrenewable natural capital, metals and minerals: bauxite (current US$)","Natural Capital"
"NW.NCA.MCOB.PC","Nonrenewable natural capital per capita, metals and minerals: cobalt (real chained 2019 US$)","Natural Capital"
"NW.NCA.MCOB.PC.CD","Nonrenewable natural capital per capita, metals and minerals: cobalt (current US$)","Natural Capital"
"NW.NCA.MCOB.TO","Nonrenewable natural capital, metals and minerals: cobalt (real chained 2019 US$)","Natural Capital"
"NW.NCA.MCOB.TO.CD","Nonrenewable natural capital, metals and minerals: cobalt (current US$)","Natural Capital"
"NW.NCA.MCOP.PC","Nonrenewable natural capital per capita, metals and minerals: copper (real chained 2019 US$)","Natural Capital"
"NW.NCA.MCOP.PC.CD","Nonrenewable natural capital per capita, metals and minerals: copper (current US$)","Natural Capital"
"NW.NCA.MCOP.TO","Nonrenewable natural capital, metals and minerals: copper (real chained 2019 US$)","Natural Capital"
"NW.NCA.MCOP.TO.CD","Nonrenewable natural capital, metals and minerals: copper (current US$)","Natural Capital"
"NW.NCA.MGOL.PC","Nonrenewable natural capital per capita, metals and minerals: gold (real chained 2019 US$)","Natural Capital"
"NW.NCA.MGOL.PC.CD","Nonrenewable natural capital per capita, metals and minerals: gold (current US$)","Natural Capital"
"NW.NCA.MGOL.TO","Nonrenewable natural capital, metals and minerals: gold (real chained 2019 US$)","Natural Capital"
"NW.NCA.MGOL.TO.CD","Nonrenewable natural capital, metals and minerals: gold (current US$)","Natural Capital"
"NW.NCA.MINR.PC","Nonrenewable natural capital per capita, metals and minerals, sub-index, total (real chained 2019 US$)","Natural Capital"
"NW.NCA.MINR.PC.CD","Nonrenewable natural capital per capita, metals and minerals, sub-index, total (current US$)","Natural Capital"
"NW.NCA.MINR.TO","Nonrenewable natural capital, metals and minerals, sub-index, total (real chained 2019 US$)","Natural Capital"
"NW.NCA.MINR.TO.CD","Nonrenewable natural capital, metals and minerals, sub-index, total (current US$)","Natural Capital"
"NW.NCA.MIRO.PC","Nonrenewable natural capital per capita, metals and minerals: iron ore (real chained 2019 US$)","Natural Capital"
"NW.NCA.MIRO.PC.CD","Nonrenewable natural capital per capita, metals and minerals: iron ore (current US$)","Natural Capital"
"NW.NCA.MIRO.TO","Nonrenewable natural capital, metals and minerals: iron ore (real chained 2019 US$)","Natural Capital"
"NW.NCA.MIRO.TO.CD","Nonrenewable natural capital, metals and minerals: iron ore (current US$)","Natural Capital"
"NW.NCA.MLEA.PC","Nonrenewable natural capital per capita, metals and minerals: lead (real chained 2019 US$)","Natural Capital"
"NW.NCA.MLEA.PC.CD","Nonrenewable natural capital per capita, metals and minerals: lead (current US$)","Natural Capital"
"NW.NCA.MLEA.TO","Nonrenewable natural capital, metals and minerals: lead (real chained 2019 US$)","Natural Capital"
"NW.NCA.MLEA.TO.CD","Nonrenewable natural capital, metals and minerals: lead (current US$)","Natural Capital"
"NW.NCA.MLIT.PC","Nonrenewable natural capital per capita, metals and minerals: lithium (real chained 2019 US$)","Natural Capital"
"NW.NCA.MLIT.PC.CD","Nonrenewable natural capital per capita, metals and minerals: lithium (current US$)","Natural Capital"
"NW.NCA.MLIT.TO","Nonrenewable natural capital, metals and minerals: lithium (real chained 2019 US$)","Natural Capital"
"NW.NCA.MLIT.TO.CD","Nonrenewable natural capital, metals and minerals: lithium (current US$)","Natural Capital"
"NW.NCA.MMOL.PC","Nonrenewable natural capital per capita, metals and minerals: molybdenum (real chained 2019 US$)","Natural Capital"
"NW.NCA.MMOL.PC.CD","Nonrenewable natural capital per capita, metals and minerals: molybdenum (current US$)","Natural Capital"
"NW.NCA.MMOL.TO","Nonrenewable natural capital, metals and minerals: molybdenum (real chained 2019 US$)","Natural Capital"
"NW.NCA.MMOL.TO.CD","Nonrenewable natural capital, metals and minerals: molybdenum (current US$)","Natural Capital"
"NW.NCA.MNIC.PC","Nonrenewable natural capital per capita, metals and minerals: nickel (real chained 2019 US$)","Natural Capital"
"NW.NCA.MNIC.PC.CD","Nonrenewable natural capital per capita, metals and minerals: nickel (current US$)","Natural Capital"
"NW.NCA.MNIC.TO","Nonrenewable natural capital, metals and minerals: nickel (real chained 2019 US$)","Natural Capital"
"NW.NCA.MNIC.TO.CD","Nonrenewable natural capital, metals and minerals: nickel (current US$)","Natural Capital"
"NW.NCA.MPHO.PC","Nonrenewable natural capital per capita, metals and minerals: phosphate (real chained 2019 US$)","Natural Capital"
"NW.NCA.MPHO.PC.CD","Nonrenewable natural capital per capita, metals and minerals: phosphate (current US$)","Natural Capital"
"NW.NCA.MPHO.TO","Nonrenewable natural capital, metals and minerals: phosphate (real chained 2019 US$)","Natural Capital"
"NW.NCA.MPHO.TO.CD","Nonrenewable natural capital, metals and minerals: phosphate (current US$)","Natural Capital"
"NW.NCA.MSIL.PC","Nonrenewable natural capital per capita, metals and minerals: silver (real chained 2019 US$)","Natural Capital"
"NW.NCA.MSIL.PC.CD","Nonrenewable natural capital per capita, metals and minerals: silver (current US$)","Natural Capital"
"NW.NCA.MSIL.TO","Nonrenewable natural capital, metals and minerals: silver (real chained 2019 US$)","Natural Capital"
"NW.NCA.MSIL.TO.CD","Nonrenewable natural capital, metals and minerals: silver (current US$)","Natural Capital"
"NW.NCA.MTIN.PC","Nonrenewable natural capital per capita, metals and minerals: tin (real chained 2019 US$)","Natural Capital"
"NW.NCA.MTIN.PC.CD","Nonrenewable natural capital per capita, metals and minerals: tin (current US$)","Natural Capital"
"NW.NCA.MTIN.TO","Nonrenewable natural capital, metals and minerals: tin (real chained 2019 US$)","Natural Capital"
"NW.NCA.MTIN.TO.CD","Nonrenewable natural capital, metals and minerals: tin (current US$)","Natural Capital"
"NW.NCA.MZIN.PC","Nonrenewable natural capital per capita, metals and minerals: zinc (real chained 2019 US$)","Natural Capital"
"NW.NCA.MZIN.PC.CD","Nonrenewable natural capital per capita, metals and minerals: zinc (current US$)","Natural Capital"
"NW.NCA.MZIN.TO","Nonrenewable natural capital, metals and minerals: zinc (real chained 2019 US$)","Natural Capital"
"NW.NCA.MZIN.TO.CD","Nonrenewable natural capital, metals and minerals: zinc (current US$)","Natural Capital"
"NW.NCA.PAST.PC.CD","Renewable natural capital per capita, agricultural land: pastureland (current US$)","Natural Capital"
"NW.NCA.PAST.TO.CD","Renewable natural capital, agricultural land: pastureland (current US$)","Natural Capital"
"NW.NCA.SACO.PC","Nonrenewable natural capital per capita, coal (real chained 2019 US$)","Natural Capital"
"NW.NCA.SACO.PC.CD","Nonrenewable natural capital per capita, coal (current US$)","Natural Capital"
"NW.NCA.SACO.TO","Nonrenewable natural capital, coal (real chained 2019 US$)","Natural Capital"
"NW.NCA.SACO.TO.CD","Nonrenewable natural capital, coal (current US$)","Natural Capital"
"NW.NCA.SAGA.PC","Nonrenewable natural capital per capita, natural gas (real chained 2019 US$)","Natural Capital"
"NW.NCA.SAGA.PC.CD","Nonrenewable natural capital per capita, natural gas (current US$)","Natural Capital"
"NW.NCA.SAGA.TO","Nonrenewable natural capital, natural gas (real chained 2019 US$)","Natural Capital"
"NW.NCA.SAGA.TO.CD","Nonrenewable natural capital, natural gas (current US$)","Natural Capital"
"NW.NCA.SAOI.PC","Nonrenewable natural capital per capita, oil (real chained 2019 US$)","Natural Capital"
"NW.NCA.SAOI.PC.CD","Nonrenewable natural capital per capita, oil (current US$)","Natural Capital"
"NW.NCA.SAOI.TO","Nonrenewable natural capital, oil (real chained 2019 US$)","Natural Capital"
"NW.NCA.SAOI.TO.CD","Nonrenewable natural capital, oil (current US$)","Natural Capital"
"NW.NCA.SSOI.PC","Nonrenewable natural capital per capita, total (real chained 2019 US$)","Natural Capital"
"NW.NCA.SSOI.PC.CD","Nonrenewable natural capital per capita, total (current US$)","Natural Capital"
"NW.NCA.SSOI.TO","Nonrenewable natural capital, total (real chained 2019 US$)","Natural Capital"
"NW.NCA.SSOI.TO.CD","Nonrenewable natural capital, total (current US$)","Natural Capital"
"NW.NCA.TOTL.PC","Renewable natural capital per capita, total (real chained 2019 US$)","Natural Capital"
"NW.NCA.TOTL.PC.CD","Renewable natural capital per capita, total (current US$)","Natural Capital"
"NW.NCA.TOTL.TO","Renewable natural capital, total (real chained 2019 US$)","Natural Capital"
"NW.NCA.TOTL.TO.CD","Renewable natural capital, total (current US$)","Natural Capital"
"NW.NFA.PC","Foreign assets per capita (real chained 2019 US$)","Net Foreign Assets"
"NW.NFA.PC.CD","Foreign assets per capita (current US$)","Net Foreign Assets"
"NW.NFA.TO","Foreign assets (real chained 2019 US$)","Net Foreign Assets"
"NW.NFA.TO.CD","Foreign assets (current US$)","Net Foreign Assets"
"NW.NFL.PC","Foreign liabilities per capita (real chained 2019 US$)","Foreign Liabilities"
"NW.NFL.PC.CD","Foreign liabilities per capita (current US$)","Foreign Liabilities"
"NW.NFL.TO","Foreign liabilities (real chained 2019 US$)","Foreign Liabilities"
"NW.NFL.TO.CD","Foreign liabilities (current US$)","Foreign Liabilities"
"NW.PCA.PC","Produced capital per capita (real chained 2019 US$)","Produced Capital"
"NW.PCA.PC.EX.CD","Produced capital per capita, excluding urban land (current US$)","Produced Capital"
"NW.PCA.PC.IN.CD","Produced capital per capita, including urban land (current US$)","Produced Capital"
"NW.PCA.TO","Produced capital (real chained 2019 US$)","Produced Capital"
"NW.PCA.TO.EX.CD","Produced capital, excluding urban land (current US$)","Produced Capital"
"NW.PCA.TO.IN.CD","Produced capital, including urban land (current US$)","Produced Capital"
"NW.TOW.PC","National comprehensive wealth per capita index (real chained 2019 US$)","National Comprehensive Wealth (Total)"
"NW.TOW.PC.CD","National comprehensive wealth per capita (current US$)","National Comprehensive Wealth (Total)"
"NW.TOW.TO","National comprehensive wealth index (real chained 2019 US$)","National Comprehensive Wealth (Total)"
"NW.TOW.TO.CD","National comprehensive wealth (current US$)","National Comprehensive Wealth (Total)"
