"indicator","country","iso3c","missing_years","nb_missing_years"
"GOV_WGI_CC.EST","American Samoa","ASM","1996, 1998, 2000, 2002-2003",5
"GOV_WGI_CC.EST","Anguilla","","1996, 1998, 2000, 2002-2003",5
"GOV_WGI_CC.EST","Aruba","ABW","1996, 1998, 2000, 2002-2003",5
"GOV_WGI_CC.EST","Cook Islands","","1996, 1998, 2000, 2002-2004, 2016-2021",12
"GOV_WGI_CC.EST","French Polynesia","PYF","1996, 1998, 2000, 2002-2020",22
"GOV_WGI_CC.EST","Greenland","GRL","1996, 1998, 2000, 2002-2008",10
"GOV_WGI_CC.EST","Guam","GUM","1996, 1998, 2000, 2002-2003",5
"GOV_WGI_CC.EST","Jersey","","1996, 1998, 2000, 2002-2010",12
"GOV_WGI_CC.EST","Kiribati","KIR","1996, 1998, 2000, 2002-2003",5
"GOV_WGI_CC.EST","Kosovo","XKX","1996, 1998",2
"GOV_WGI_CC.EST","Marshall Islands","MHL","1996, 1998, 2000, 2002-2004",6
"GOV_WGI_CC.EST","Micronesia, Fed. Sts.","FSM","1996, 1998, 2000, 2002-2003",5
"GOV_WGI_CC.EST","Monaco","MCO","1996, 1998, 2000, 2002-2014",16
"GOV_WGI_CC.EST","Montenegro","MNE","1996",1
"GOV_WGI_CC.EST","Nauru","NRU","1996, 1998, 2000, 2002-2006",8
"GOV_WGI_CC.EST","Netherlands Antilles","","1996, 1998, 2000, 2002-2003, 2018-2024",12
"GOV_WGI_CC.EST","New Caledonia","NCL","1996, 1998, 2000, 2002-2020",22
"GOV_WGI_CC.EST","Niue","","1996, 1998, 2000, 2002-2008, 2016-2021",16
"GOV_WGI_CC.EST","Palau","PLW","1996, 1998, 2000, 2002-2007",9
"GOV_WGI_CC.EST","Reunion","","1996, 1998, 2000, 2002-2003",5
"GOV_WGI_CC.EST","San Marino","SMR","1996, 1998, 2000, 2002-2014",16
"GOV_WGI_CC.EST","South Sudan","SSD","1996, 1998, 2000, 2002-2009",11
"GOV_WGI_CC.EST","St. Kitts and Nevis","KNA","1996, 1998, 2000, 2002-2003",5
"GOV_WGI_CC.EST","St. Lucia","LCA","1996, 1998, 2000, 2002-2003",5
"GOV_WGI_CC.EST","St. Vincent and the Grenadines","VCT","1996, 1998, 2000, 2002-2003",5
"GOV_WGI_CC.EST","Timor-Leste","TLS","1996, 1998, 2000",3
"GOV_WGI_CC.EST","Tonga","TON","1996, 1998, 2000, 2002-2003",5
"GOV_WGI_CC.EST","Tuvalu","TUV","1996, 1998, 2000, 2002-2003",5
"GOV_WGI_CC.EST","Virgin Islands (U.S.)","VIR","1996, 1998, 2000, 2002-2003",5
"GOV_WGI_CC.SC","American Samoa","ASM","1996, 1998, 2000, 2002-2003",5
"GOV_WGI_CC.SC","Anguilla","","1996, 1998, 2000, 2002-2003",5
"GOV_WGI_CC.SC","Aruba","ABW","1996, 1998, 2000, 2002-2003",5
"GOV_WGI_CC.SC","Cook Islands","","1996, 1998, 2000, 2002-2004, 2016-2021",12
"GOV_WGI_CC.SC","French Polynesia","PYF","1996, 1998, 2000, 2002-2020",22
"GOV_WGI_CC.SC","Greenland","GRL","1996, 1998, 2000, 2002-2008",10
"GOV_WGI_CC.SC","Guam","GUM","1996, 1998, 2000, 2002-2003",5
"GOV_WGI_CC.SC","Jersey","","1996, 1998, 2000, 2002-2010",12
"GOV_WGI_CC.SC","Kiribati","KIR","1996, 1998, 2000, 2002-2003",5
"GOV_WGI_CC.SC","Kosovo","XKX","1996, 1998",2
"GOV_WGI_CC.SC","Marshall Islands","MHL","1996, 1998, 2000, 2002-2004",6
"GOV_WGI_CC.SC","Micronesia, Fed. Sts.","FSM","1996, 1998, 2000, 2002-2003",5
"GOV_WGI_CC.SC","Monaco","MCO","1996, 1998, 2000, 2002-2014",16
"GOV_WGI_CC.SC","Montenegro","MNE","1996",1
"GOV_WGI_CC.SC","Nauru","NRU","1996, 1998, 2000, 2002-2006",8
"GOV_WGI_CC.SC","Netherlands Antilles","","1996, 1998, 2000, 2002-2003, 2018-2024",12
"GOV_WGI_CC.SC","New Caledonia","NCL","1996, 1998, 2000, 2002-2020",22
"GOV_WGI_CC.SC","Niue","","1996, 1998, 2000, 2002-2008, 2016-2021",16
"GOV_WGI_CC.SC","Palau","PLW","1996, 1998, 2000, 2002-2007",9
"GOV_WGI_CC.SC","Reunion","","1996, 1998, 2000, 2002-2003",5
"GOV_WGI_CC.SC","San Marino","SMR","1996, 1998, 2000, 2002-2014",16
"GOV_WGI_CC.SC","South Sudan","SSD","1996, 1998, 2000, 2002-2009",11
"GOV_WGI_CC.SC","St. Kitts and Nevis","KNA","1996, 1998, 2000, 2002-2003",5
"GOV_WGI_CC.SC","St. Lucia","LCA","1996, 1998, 2000, 2002-2003",5
"GOV_WGI_CC.SC","St. Vincent and the Grenadines","VCT","1996, 1998, 2000, 2002-2003",5
"GOV_WGI_CC.SC","Timor-Leste","TLS","1996, 1998, 2000",3
"GOV_WGI_CC.SC","Tonga","TON","1996, 1998, 2000, 2002-2003",5
"GOV_WGI_CC.SC","Tuvalu","TUV","1996, 1998, 2000, 2002-2003",5
"GOV_WGI_CC.SC","Virgin Islands (U.S.)","VIR","1996, 1998, 2000, 2002-2003",5
"GOV_WGI_CC.SC_LB","American Samoa","ASM","1996, 1998, 2000, 2002-2003",5
"GOV_WGI_CC.SC_LB","Anguilla","","1996, 1998, 2000, 2002-2003",5
"GOV_WGI_CC.SC_LB","Aruba","ABW","1996, 1998, 2000, 2002-2003",5
"GOV_WGI_CC.SC_LB","Cook Islands","","1996, 1998, 2000, 2002-2004, 2016-2021",12
"GOV_WGI_CC.SC_LB","French Polynesia","PYF","1996, 1998, 2000, 2002-2020",22
"GOV_WGI_CC.SC_LB","Greenland","GRL","1996, 1998, 2000, 2002-2008",10
"GOV_WGI_CC.SC_LB","Guam","GUM","1996, 1998, 2000, 2002-2003",5
"GOV_WGI_CC.SC_LB","Jersey","","1996, 1998, 2000, 2002-2010",12
"GOV_WGI_CC.SC_LB","Kiribati","KIR","1996, 1998, 2000, 2002-2003",5
"GOV_WGI_CC.SC_LB","Kosovo","XKX","1996, 1998",2
"GOV_WGI_CC.SC_LB","Marshall Islands","MHL","1996, 1998, 2000, 2002-2004",6
"GOV_WGI_CC.SC_LB","Micronesia, Fed. Sts.","FSM","1996, 1998, 2000, 2002-2003",5
"GOV_WGI_CC.SC_LB","Monaco","MCO","1996, 1998, 2000, 2002-2014",16
"GOV_WGI_CC.SC_LB","Montenegro","MNE","1996",1
"GOV_WGI_CC.SC_LB","Nauru","NRU","1996, 1998, 2000, 2002-2006",8
"GOV_WGI_CC.SC_LB","Netherlands Antilles","","1996, 1998, 2000, 2002-2003, 2018-2024",12
"GOV_WGI_CC.SC_LB","New Caledonia","NCL","1996, 1998, 2000, 2002-2020",22
"GOV_WGI_CC.SC_LB","Niue","","1996, 1998, 2000, 2002-2008, 2016-2021",16
"GOV_WGI_CC.SC_LB","Palau","PLW","1996, 1998, 2000, 2002-2007",9
"GOV_WGI_CC.SC_LB","Reunion","","1996, 1998, 2000, 2002-2003",5
"GOV_WGI_CC.SC_LB","San Marino","SMR","1996, 1998, 2000, 2002-2014",16
"GOV_WGI_CC.SC_LB","South Sudan","SSD","1996, 1998, 2000, 2002-2009",11
"GOV_WGI_CC.SC_LB","St. Kitts and Nevis","KNA","1996, 1998, 2000, 2002-2003",5
"GOV_WGI_CC.SC_LB","St. Lucia","LCA","1996, 1998, 2000, 2002-2003",5
"GOV_WGI_CC.SC_LB","St. Vincent and the Grenadines","VCT","1996, 1998, 2000, 2002-2003",5
"GOV_WGI_CC.SC_LB","Timor-Leste","TLS","1996, 1998, 2000",3
"GOV_WGI_CC.SC_LB","Tonga","TON","1996, 1998, 2000, 2002-2003",5
"GOV_WGI_CC.SC_LB","Tuvalu","TUV","1996, 1998, 2000, 2002-2003",5
"GOV_WGI_CC.SC_LB","Virgin Islands (U.S.)","VIR","1996, 1998, 2000, 2002-2003",5
"GOV_WGI_CC.SC_UB","American Samoa","ASM","1996, 1998, 2000, 2002-2003",5
"GOV_WGI_CC.SC_UB","Anguilla","","1996, 1998, 2000, 2002-2003",5
"GOV_WGI_CC.SC_UB","Aruba","ABW","1996, 1998, 2000, 2002-2003",5
"GOV_WGI_CC.SC_UB","Cook Islands","","1996, 1998, 2000, 2002-2004, 2016-2021",12
"GOV_WGI_CC.SC_UB","French Polynesia","PYF","1996, 1998, 2000, 2002-2020",22
"GOV_WGI_CC.SC_UB","Greenland","GRL","1996, 1998, 2000, 2002-2008",10
"GOV_WGI_CC.SC_UB","Guam","GUM","1996, 1998, 2000, 2002-2003",5
"GOV_WGI_CC.SC_UB","Jersey","","1996, 1998, 2000, 2002-2010",12
"GOV_WGI_CC.SC_UB","Kiribati","KIR","1996, 1998, 2000, 2002-2003",5
"GOV_WGI_CC.SC_UB","Kosovo","XKX","1996, 1998",2
"GOV_WGI_CC.SC_UB","Marshall Islands","MHL","1996, 1998, 2000, 2002-2004",6
"GOV_WGI_CC.SC_UB","Micronesia, Fed. Sts.","FSM","1996, 1998, 2000, 2002-2003",5
"GOV_WGI_CC.SC_UB","Monaco","MCO","1996, 1998, 2000, 2002-2014",16
"GOV_WGI_CC.SC_UB","Montenegro","MNE","1996",1
"GOV_WGI_CC.SC_UB","Nauru","NRU","1996, 1998, 2000, 2002-2006",8
"GOV_WGI_CC.SC_UB","Netherlands Antilles","","1996, 1998, 2000, 2002-2003, 2018-2024",12
"GOV_WGI_CC.SC_UB","New Caledonia","NCL","1996, 1998, 2000, 2002-2020",22
"GOV_WGI_CC.SC_UB","Niue","","1996, 1998, 2000, 2002-2008, 2016-2021",16
"GOV_WGI_CC.SC_UB","Palau","PLW","1996, 1998, 2000, 2002-2007",9
"GOV_WGI_CC.SC_UB","Reunion","","1996, 1998, 2000, 2002-2003",5
"GOV_WGI_CC.SC_UB","San Marino","SMR","1996, 1998, 2000, 2002-2014",16
"GOV_WGI_CC.SC_UB","South Sudan","SSD","1996, 1998, 2000, 2002-2009",11
"GOV_WGI_CC.SC_UB","St. Kitts and Nevis","KNA","1996, 1998, 2000, 2002-2003",5
"GOV_WGI_CC.SC_UB","St. Lucia","LCA","1996, 1998, 2000, 2002-2003",5
"GOV_WGI_CC.SC_UB","St. Vincent and the Grenadines","VCT","1996, 1998, 2000, 2002-2003",5
"GOV_WGI_CC.SC_UB","Timor-Leste","TLS","1996, 1998, 2000",3
"GOV_WGI_CC.SC_UB","Tonga","TON","1996, 1998, 2000, 2002-2003",5
"GOV_WGI_CC.SC_UB","Tuvalu","TUV","1996, 1998, 2000, 2002-2003",5
"GOV_WGI_CC.SC_UB","Virgin Islands (U.S.)","VIR","1996, 1998, 2000, 2002-2003",5
"GOV_WGI_CC.SE","American Samoa","ASM","1996, 1998, 2000, 2002-2003",5
"GOV_WGI_CC.SE","Anguilla","","1996, 1998, 2000, 2002-2003",5
"GOV_WGI_CC.SE","Aruba","ABW","1996, 1998, 2000, 2002-2003",5
"GOV_WGI_CC.SE","Cook Islands","","1996, 1998, 2000, 2002-2004, 2016-2021",12
"GOV_WGI_CC.SE","French Polynesia","PYF","1996, 1998, 2000, 2002-2020",22
"GOV_WGI_CC.SE","Greenland","GRL","1996, 1998, 2000, 2002-2008",10
"GOV_WGI_CC.SE","Guam","GUM","1996, 1998, 2000, 2002-2003",5
"GOV_WGI_CC.SE","Jersey","","1996, 1998, 2000, 2002-2010",12
"GOV_WGI_CC.SE","Kiribati","KIR","1996, 1998, 2000, 2002-2003",5
"GOV_WGI_CC.SE","Kosovo","XKX","1996, 1998",2
"GOV_WGI_CC.SE","Marshall Islands","MHL","1996, 1998, 2000, 2002-2004",6
"GOV_WGI_CC.SE","Micronesia, Fed. Sts.","FSM","1996, 1998, 2000, 2002-2003",5
"GOV_WGI_CC.SE","Monaco","MCO","1996, 1998, 2000, 2002-2014",16
"GOV_WGI_CC.SE","Montenegro","MNE","1996",1
"GOV_WGI_CC.SE","Nauru","NRU","1996, 1998, 2000, 2002-2006",8
"GOV_WGI_CC.SE","Netherlands Antilles","","1996, 1998, 2000, 2002-2003, 2018-2024",12
"GOV_WGI_CC.SE","New Caledonia","NCL","1996, 1998, 2000, 2002-2020",22
"GOV_WGI_CC.SE","Niue","","1996, 1998, 2000, 2002-2008, 2016-2021",16
"GOV_WGI_CC.SE","Palau","PLW","1996, 1998, 2000, 2002-2007",9
"GOV_WGI_CC.SE","Reunion","","1996, 1998, 2000, 2002-2003",5
"GOV_WGI_CC.SE","San Marino","SMR","1996, 1998, 2000, 2002-2014",16
"GOV_WGI_CC.SE","South Sudan","SSD","1996, 1998, 2000, 2002-2009",11
"GOV_WGI_CC.SE","St. Kitts and Nevis","KNA","1996, 1998, 2000, 2002-2003",5
"GOV_WGI_CC.SE","St. Lucia","LCA","1996, 1998, 2000, 2002-2003",5
"GOV_WGI_CC.SE","St. Vincent and the Grenadines","VCT","1996, 1998, 2000, 2002-2003",5
"GOV_WGI_CC.SE","Timor-Leste","TLS","1996, 1998, 2000",3
"GOV_WGI_CC.SE","Tonga","TON","1996, 1998, 2000, 2002-2003",5
"GOV_WGI_CC.SE","Tuvalu","TUV","1996, 1998, 2000, 2002-2003",5
"GOV_WGI_CC.SE","Virgin Islands (U.S.)","VIR","1996, 1998, 2000, 2002-2003",5
"GOV_WGI_CC.SR","American Samoa","ASM","1996, 1998, 2000, 2002-2003",5
"GOV_WGI_CC.SR","Anguilla","","1996, 1998, 2000, 2002-2003",5
"GOV_WGI_CC.SR","Aruba","ABW","1996, 1998, 2000, 2002-2003",5
"GOV_WGI_CC.SR","Cook Islands","","1996, 1998, 2000, 2002-2004, 2016-2021",12
"GOV_WGI_CC.SR","French Polynesia","PYF","1996, 1998, 2000, 2002-2020",22
"GOV_WGI_CC.SR","Greenland","GRL","1996, 1998, 2000, 2002-2008",10
"GOV_WGI_CC.SR","Guam","GUM","1996, 1998, 2000, 2002-2003",5
"GOV_WGI_CC.SR","Jersey","","1996, 1998, 2000, 2002-2010",12
"GOV_WGI_CC.SR","Kiribati","KIR","1996, 1998, 2000, 2002-2003",5
"GOV_WGI_CC.SR","Kosovo","XKX","1996, 1998",2
"GOV_WGI_CC.SR","Marshall Islands","MHL","1996, 1998, 2000, 2002-2004",6
"GOV_WGI_CC.SR","Micronesia, Fed. Sts.","FSM","1996, 1998, 2000, 2002-2003",5
"GOV_WGI_CC.SR","Monaco","MCO","1996, 1998, 2000, 2002-2014",16
"GOV_WGI_CC.SR","Montenegro","MNE","1996",1
"GOV_WGI_CC.SR","Nauru","NRU","1996, 1998, 2000, 2002-2006",8
"GOV_WGI_CC.SR","Netherlands Antilles","","1996, 1998, 2000, 2002-2003, 2018-2024",12
"GOV_WGI_CC.SR","New Caledonia","NCL","1996, 1998, 2000, 2002-2020",22
"GOV_WGI_CC.SR","Niue","","1996, 1998, 2000, 2002-2008, 2016-2021",16
"GOV_WGI_CC.SR","Palau","PLW","1996, 1998, 2000, 2002-2007",9
"GOV_WGI_CC.SR","Reunion","","1996, 1998, 2000, 2002-2003",5
"GOV_WGI_CC.SR","San Marino","SMR","1996, 1998, 2000, 2002-2014",16
"GOV_WGI_CC.SR","South Sudan","SSD","1996, 1998, 2000, 2002-2009",11
"GOV_WGI_CC.SR","St. Kitts and Nevis","KNA","1996, 1998, 2000, 2002-2003",5
"GOV_WGI_CC.SR","St. Lucia","LCA","1996, 1998, 2000, 2002-2003",5
"GOV_WGI_CC.SR","St. Vincent and the Grenadines","VCT","1996, 1998, 2000, 2002-2003",5
"GOV_WGI_CC.SR","Timor-Leste","TLS","1996, 1998, 2000",3
"GOV_WGI_CC.SR","Tonga","TON","1996, 1998, 2000, 2002-2003",5
"GOV_WGI_CC.SR","Tuvalu","TUV","1996, 1998, 2000, 2002-2003",5
"GOV_WGI_CC.SR","Virgin Islands (U.S.)","VIR","1996, 1998, 2000, 2002-2003",5
"GOV_WGI_GE.EST","American Samoa","ASM","1996, 1998, 2000, 2002-2003",5
"GOV_WGI_GE.EST","Anguilla","","1996, 1998, 2000, 2002-2003",5
"GOV_WGI_GE.EST","Aruba","ABW","1996, 1998, 2000, 2002-2003",5
"GOV_WGI_GE.EST","Cabo Verde","CPV","1996, 1998, 2000",3
"GOV_WGI_GE.EST","Cook Islands","","1996, 1998, 2000, 2002-2004, 2016-2021",12
"GOV_WGI_GE.EST","French Polynesia","PYF","1996, 1998, 2000, 2002-2024",26
"GOV_WGI_GE.EST","Greenland","GRL","1996, 1998, 2000, 2002-2008",10
"GOV_WGI_GE.EST","Guam","GUM","1996, 1998, 2000, 2002-2003",5
"GOV_WGI_GE.EST","Jersey","","1996, 1998, 2000, 2002-2010",12
"GOV_WGI_GE.EST","Kiribati","KIR","1996, 1998, 2000, 2002-2003",5
"GOV_WGI_GE.EST","Kosovo","XKX","1996, 1998, 2000, 2002-2005",7
"GOV_WGI_GE.EST","Marshall Islands","MHL","1996, 1998, 2000, 2002-2004",6
"GOV_WGI_GE.EST","Micronesia, Fed. Sts.","FSM","1996, 1998, 2000, 2002-2003",5
"GOV_WGI_GE.EST","Monaco","MCO","1996, 1998, 2000, 2002-2014",16
"GOV_WGI_GE.EST","Montenegro","MNE","1996, 1998, 2000, 2002-2005",7
"GOV_WGI_GE.EST","Nauru","NRU","1996, 1998, 2000, 2002-2006",8
"GOV_WGI_GE.EST","Netherlands Antilles","","1996, 1998, 2000, 2002-2003, 2018-2024",12
"GOV_WGI_GE.EST","New Caledonia","NCL","1996, 1998, 2000, 2002-2024",26
"GOV_WGI_GE.EST","Niue","","1996, 1998, 2000, 2002-2008, 2016-2021",16
"GOV_WGI_GE.EST","Palau","PLW","1996, 1998, 2000, 2002-2007",9
"GOV_WGI_GE.EST","Reunion","","1996, 1998, 2000, 2002-2003",5
"GOV_WGI_GE.EST","San Marino","SMR","1996, 1998, 2000, 2002-2014",16
"GOV_WGI_GE.EST","Solomon Islands","SLB","1996, 1998, 2000, 2002-2003",5
"GOV_WGI_GE.EST","South Sudan","SSD","1996, 1998, 2000, 2002-2010",12
"GOV_WGI_GE.EST","St. Kitts and Nevis","KNA","1996, 1998, 2000, 2002-2003",5
"GOV_WGI_GE.EST","St. Lucia","LCA","1996, 1998, 2000, 2002-2003",5
"GOV_WGI_GE.EST","St. Vincent and the Grenadines","VCT","1996, 1998, 2000, 2002-2003",5
"GOV_WGI_GE.EST","Timor-Leste","TLS","1996, 1998, 2000",3
"GOV_WGI_GE.EST","Tonga","TON","1996, 1998, 2000, 2002-2003",5
"GOV_WGI_GE.EST","Tuvalu","TUV","1996, 1998, 2000, 2002-2003",5
"GOV_WGI_GE.EST","Vanuatu","VUT","1996, 1998, 2000, 2002-2003",5
"GOV_WGI_GE.EST","Virgin Islands (U.S.)","VIR","1996, 1998, 2000, 2002-2003",5
"GOV_WGI_GE.SC","American Samoa","ASM","1996, 1998, 2000, 2002-2003",5
"GOV_WGI_GE.SC","Anguilla","","1996, 1998, 2000, 2002-2003",5
"GOV_WGI_GE.SC","Aruba","ABW","1996, 1998, 2000, 2002-2003",5
"GOV_WGI_GE.SC","Cabo Verde","CPV","1996, 1998, 2000",3
"GOV_WGI_GE.SC","Cook Islands","","1996, 1998, 2000, 2002-2004, 2016-2021",12
"GOV_WGI_GE.SC","French Polynesia","PYF","1996, 1998, 2000, 2002-2024",26
"GOV_WGI_GE.SC","Greenland","GRL","1996, 1998, 2000, 2002-2008",10
"GOV_WGI_GE.SC","Guam","GUM","1996, 1998, 2000, 2002-2003",5
"GOV_WGI_GE.SC","Jersey","","1996, 1998, 2000, 2002-2010",12
"GOV_WGI_GE.SC","Kiribati","KIR","1996, 1998, 2000, 2002-2003",5
"GOV_WGI_GE.SC","Kosovo","XKX","1996, 1998, 2000, 2002-2005",7
"GOV_WGI_GE.SC","Marshall Islands","MHL","1996, 1998, 2000, 2002-2004",6
"GOV_WGI_GE.SC","Micronesia, Fed. Sts.","FSM","1996, 1998, 2000, 2002-2003",5
"GOV_WGI_GE.SC","Monaco","MCO","1996, 1998, 2000, 2002-2014",16
"GOV_WGI_GE.SC","Montenegro","MNE","1996, 1998, 2000, 2002-2005",7
"GOV_WGI_GE.SC","Nauru","NRU","1996, 1998, 2000, 2002-2006",8
"GOV_WGI_GE.SC","Netherlands Antilles","","1996, 1998, 2000, 2002-2003, 2018-2024",12
"GOV_WGI_GE.SC","New Caledonia","NCL","1996, 1998, 2000, 2002-2024",26
"GOV_WGI_GE.SC","Niue","","1996, 1998, 2000, 2002-2008, 2016-2021",16
"GOV_WGI_GE.SC","Palau","PLW","1996, 1998, 2000, 2002-2007",9
"GOV_WGI_GE.SC","Reunion","","1996, 1998, 2000, 2002-2003",5
"GOV_WGI_GE.SC","San Marino","SMR","1996, 1998, 2000, 2002-2014",16
"GOV_WGI_GE.SC","Solomon Islands","SLB","1996, 1998, 2000, 2002-2003",5
"GOV_WGI_GE.SC","South Sudan","SSD","1996, 1998, 2000, 2002-2010",12
"GOV_WGI_GE.SC","St. Kitts and Nevis","KNA","1996, 1998, 2000, 2002-2003",5
"GOV_WGI_GE.SC","St. Lucia","LCA","1996, 1998, 2000, 2002-2003",5
"GOV_WGI_GE.SC","St. Vincent and the Grenadines","VCT","1996, 1998, 2000, 2002-2003",5
"GOV_WGI_GE.SC","Timor-Leste","TLS","1996, 1998, 2000",3
"GOV_WGI_GE.SC","Tonga","TON","1996, 1998, 2000, 2002-2003",5
"GOV_WGI_GE.SC","Tuvalu","TUV","1996, 1998, 2000, 2002-2003",5
"GOV_WGI_GE.SC","Vanuatu","VUT","1996, 1998, 2000, 2002-2003",5
"GOV_WGI_GE.SC","Virgin Islands (U.S.)","VIR","1996, 1998, 2000, 2002-2003",5
"GOV_WGI_GE.SC_LB","American Samoa","ASM","1996, 1998, 2000, 2002-2003",5
"GOV_WGI_GE.SC_LB","Anguilla","","1996, 1998, 2000, 2002-2003",5
"GOV_WGI_GE.SC_LB","Aruba","ABW","1996, 1998, 2000, 2002-2003",5
"GOV_WGI_GE.SC_LB","Cabo Verde","CPV","1996, 1998, 2000",3
"GOV_WGI_GE.SC_LB","Cook Islands","","1996, 1998, 2000, 2002-2004, 2016-2021",12
"GOV_WGI_GE.SC_LB","French Polynesia","PYF","1996, 1998, 2000, 2002-2024",26
"GOV_WGI_GE.SC_LB","Greenland","GRL","1996, 1998, 2000, 2002-2008",10
"GOV_WGI_GE.SC_LB","Guam","GUM","1996, 1998, 2000, 2002-2003",5
"GOV_WGI_GE.SC_LB","Jersey","","1996, 1998, 2000, 2002-2010",12
"GOV_WGI_GE.SC_LB","Kiribati","KIR","1996, 1998, 2000, 2002-2003",5
"GOV_WGI_GE.SC_LB","Kosovo","XKX","1996, 1998, 2000, 2002-2005",7
"GOV_WGI_GE.SC_LB","Marshall Islands","MHL","1996, 1998, 2000, 2002-2004",6
"GOV_WGI_GE.SC_LB","Micronesia, Fed. Sts.","FSM","1996, 1998, 2000, 2002-2003",5
"GOV_WGI_GE.SC_LB","Monaco","MCO","1996, 1998, 2000, 2002-2014",16
"GOV_WGI_GE.SC_LB","Montenegro","MNE","1996, 1998, 2000, 2002-2005",7
"GOV_WGI_GE.SC_LB","Nauru","NRU","1996, 1998, 2000, 2002-2006",8
"GOV_WGI_GE.SC_LB","Netherlands Antilles","","1996, 1998, 2000, 2002-2003, 2018-2024",12
"GOV_WGI_GE.SC_LB","New Caledonia","NCL","1996, 1998, 2000, 2002-2024",26
"GOV_WGI_GE.SC_LB","Niue","","1996, 1998, 2000, 2002-2008, 2016-2021",16
"GOV_WGI_GE.SC_LB","Palau","PLW","1996, 1998, 2000, 2002-2007",9
"GOV_WGI_GE.SC_LB","Reunion","","1996, 1998, 2000, 2002-2003",5
"GOV_WGI_GE.SC_LB","San Marino","SMR","1996, 1998, 2000, 2002-2014",16
"GOV_WGI_GE.SC_LB","Solomon Islands","SLB","1996, 1998, 2000, 2002-2003",5
"GOV_WGI_GE.SC_LB","South Sudan","SSD","1996, 1998, 2000, 2002-2010",12
"GOV_WGI_GE.SC_LB","St. Kitts and Nevis","KNA","1996, 1998, 2000, 2002-2003",5
"GOV_WGI_GE.SC_LB","St. Lucia","LCA","1996, 1998, 2000, 2002-2003",5
"GOV_WGI_GE.SC_LB","St. Vincent and the Grenadines","VCT","1996, 1998, 2000, 2002-2003",5
"GOV_WGI_GE.SC_LB","Timor-Leste","TLS","1996, 1998, 2000",3
"GOV_WGI_GE.SC_LB","Tonga","TON","1996, 1998, 2000, 2002-2003",5
"GOV_WGI_GE.SC_LB","Tuvalu","TUV","1996, 1998, 2000, 2002-2003",5
"GOV_WGI_GE.SC_LB","Vanuatu","VUT","1996, 1998, 2000, 2002-2003",5
"GOV_WGI_GE.SC_LB","Virgin Islands (U.S.)","VIR","1996, 1998, 2000, 2002-2003",5
"GOV_WGI_GE.SC_UB","American Samoa","ASM","1996, 1998, 2000, 2002-2003",5
"GOV_WGI_GE.SC_UB","Anguilla","","1996, 1998, 2000, 2002-2003",5
"GOV_WGI_GE.SC_UB","Aruba","ABW","1996, 1998, 2000, 2002-2003",5
"GOV_WGI_GE.SC_UB","Cabo Verde","CPV","1996, 1998, 2000",3
"GOV_WGI_GE.SC_UB","Cook Islands","","1996, 1998, 2000, 2002-2004, 2016-2021",12
"GOV_WGI_GE.SC_UB","French Polynesia","PYF","1996, 1998, 2000, 2002-2024",26
"GOV_WGI_GE.SC_UB","Greenland","GRL","1996, 1998, 2000, 2002-2008",10
"GOV_WGI_GE.SC_UB","Guam","GUM","1996, 1998, 2000, 2002-2003",5
"GOV_WGI_GE.SC_UB","Jersey","","1996, 1998, 2000, 2002-2010",12
"GOV_WGI_GE.SC_UB","Kiribati","KIR","1996, 1998, 2000, 2002-2003",5
"GOV_WGI_GE.SC_UB","Kosovo","XKX","1996, 1998, 2000, 2002-2005",7
"GOV_WGI_GE.SC_UB","Marshall Islands","MHL","1996, 1998, 2000, 2002-2004",6
"GOV_WGI_GE.SC_UB","Micronesia, Fed. Sts.","FSM","1996, 1998, 2000, 2002-2003",5
"GOV_WGI_GE.SC_UB","Monaco","MCO","1996, 1998, 2000, 2002-2014",16
"GOV_WGI_GE.SC_UB","Montenegro","MNE","1996, 1998, 2000, 2002-2005",7
"GOV_WGI_GE.SC_UB","Nauru","NRU","1996, 1998, 2000, 2002-2006",8
"GOV_WGI_GE.SC_UB","Netherlands Antilles","","1996, 1998, 2000, 2002-2003, 2018-2024",12
"GOV_WGI_GE.SC_UB","New Caledonia","NCL","1996, 1998, 2000, 2002-2024",26
"GOV_WGI_GE.SC_UB","Niue","","1996, 1998, 2000, 2002-2008, 2016-2021",16
"GOV_WGI_GE.SC_UB","Palau","PLW","1996, 1998, 2000, 2002-2007",9
"GOV_WGI_GE.SC_UB","Reunion","","1996, 1998, 2000, 2002-2003",5
"GOV_WGI_GE.SC_UB","San Marino","SMR","1996, 1998, 2000, 2002-2014",16
"GOV_WGI_GE.SC_UB","Solomon Islands","SLB","1996, 1998, 2000, 2002-2003",5
"GOV_WGI_GE.SC_UB","South Sudan","SSD","1996, 1998, 2000, 2002-2010",12
"GOV_WGI_GE.SC_UB","St. Kitts and Nevis","KNA","1996, 1998, 2000, 2002-2003",5
"GOV_WGI_GE.SC_UB","St. Lucia","LCA","1996, 1998, 2000, 2002-2003",5
"GOV_WGI_GE.SC_UB","St. Vincent and the Grenadines","VCT","1996, 1998, 2000, 2002-2003",5
"GOV_WGI_GE.SC_UB","Timor-Leste","TLS","1996, 1998, 2000",3
"GOV_WGI_GE.SC_UB","Tonga","TON","1996, 1998, 2000, 2002-2003",5
"GOV_WGI_GE.SC_UB","Tuvalu","TUV","1996, 1998, 2000, 2002-2003",5
"GOV_WGI_GE.SC_UB","Vanuatu","VUT","1996, 1998, 2000, 2002-2003",5
"GOV_WGI_GE.SC_UB","Virgin Islands (U.S.)","VIR","1996, 1998, 2000, 2002-2003",5
"GOV_WGI_GE.SE","American Samoa","ASM","1996, 1998, 2000, 2002-2003",5
"GOV_WGI_GE.SE","Anguilla","","1996, 1998, 2000, 2002-2003",5
"GOV_WGI_GE.SE","Aruba","ABW","1996, 1998, 2000, 2002-2003",5
"GOV_WGI_GE.SE","Cabo Verde","CPV","1996, 1998, 2000",3
"GOV_WGI_GE.SE","Cook Islands","","1996, 1998, 2000, 2002-2004, 2016-2021",12
"GOV_WGI_GE.SE","French Polynesia","PYF","1996, 1998, 2000, 2002-2024",26
"GOV_WGI_GE.SE","Greenland","GRL","1996, 1998, 2000, 2002-2008",10
"GOV_WGI_GE.SE","Guam","GUM","1996, 1998, 2000, 2002-2003",5
"GOV_WGI_GE.SE","Jersey","","1996, 1998, 2000, 2002-2010",12
"GOV_WGI_GE.SE","Kiribati","KIR","1996, 1998, 2000, 2002-2003",5
"GOV_WGI_GE.SE","Kosovo","XKX","1996, 1998, 2000, 2002-2005",7
"GOV_WGI_GE.SE","Marshall Islands","MHL","1996, 1998, 2000, 2002-2004",6
"GOV_WGI_GE.SE","Micronesia, Fed. Sts.","FSM","1996, 1998, 2000, 2002-2003",5
"GOV_WGI_GE.SE","Monaco","MCO","1996, 1998, 2000, 2002-2014",16
"GOV_WGI_GE.SE","Montenegro","MNE","1996, 1998, 2000, 2002-2005",7
"GOV_WGI_GE.SE","Nauru","NRU","1996, 1998, 2000, 2002-2006",8
"GOV_WGI_GE.SE","Netherlands Antilles","","1996, 1998, 2000, 2002-2003, 2018-2024",12
"GOV_WGI_GE.SE","New Caledonia","NCL","1996, 1998, 2000, 2002-2024",26
"GOV_WGI_GE.SE","Niue","","1996, 1998, 2000, 2002-2008, 2016-2021",16
"GOV_WGI_GE.SE","Palau","PLW","1996, 1998, 2000, 2002-2007",9
"GOV_WGI_GE.SE","Reunion","","1996, 1998, 2000, 2002-2003",5
"GOV_WGI_GE.SE","San Marino","SMR","1996, 1998, 2000, 2002-2014",16
"GOV_WGI_GE.SE","Solomon Islands","SLB","1996, 1998, 2000, 2002-2003",5
"GOV_WGI_GE.SE","South Sudan","SSD","1996, 1998, 2000, 2002-2010",12
"GOV_WGI_GE.SE","St. Kitts and Nevis","KNA","1996, 1998, 2000, 2002-2003",5
"GOV_WGI_GE.SE","St. Lucia","LCA","1996, 1998, 2000, 2002-2003",5
"GOV_WGI_GE.SE","St. Vincent and the Grenadines","VCT","1996, 1998, 2000, 2002-2003",5
"GOV_WGI_GE.SE","Timor-Leste","TLS","1996, 1998, 2000",3
"GOV_WGI_GE.SE","Tonga","TON","1996, 1998, 2000, 2002-2003",5
"GOV_WGI_GE.SE","Tuvalu","TUV","1996, 1998, 2000, 2002-2003",5
"GOV_WGI_GE.SE","Vanuatu","VUT","1996, 1998, 2000, 2002-2003",5
"GOV_WGI_GE.SE","Virgin Islands (U.S.)","VIR","1996, 1998, 2000, 2002-2003",5
"GOV_WGI_GE.SR","American Samoa","ASM","1996, 1998, 2000, 2002-2003",5
"GOV_WGI_GE.SR","Anguilla","","1996, 1998, 2000, 2002-2003",5
"GOV_WGI_GE.SR","Aruba","ABW","1996, 1998, 2000, 2002-2003",5
"GOV_WGI_GE.SR","Cabo Verde","CPV","1996, 1998, 2000",3
"GOV_WGI_GE.SR","Cook Islands","","1996, 1998, 2000, 2002-2004, 2016-2021",12
"GOV_WGI_GE.SR","French Polynesia","PYF","1996, 1998, 2000, 2002-2024",26
"GOV_WGI_GE.SR","Greenland","GRL","1996, 1998, 2000, 2002-2008",10
"GOV_WGI_GE.SR","Guam","GUM","1996, 1998, 2000, 2002-2003",5
"GOV_WGI_GE.SR","Jersey","","1996, 1998, 2000, 2002-2010",12
"GOV_WGI_GE.SR","Kiribati","KIR","1996, 1998, 2000, 2002-2003",5
"GOV_WGI_GE.SR","Kosovo","XKX","1996, 1998, 2000, 2002-2005",7
"GOV_WGI_GE.SR","Marshall Islands","MHL","1996, 1998, 2000, 2002-2004",6
"GOV_WGI_GE.SR","Micronesia, Fed. Sts.","FSM","1996, 1998, 2000, 2002-2003",5
"GOV_WGI_GE.SR","Monaco","MCO","1996, 1998, 2000, 2002-2014",16
"GOV_WGI_GE.SR","Montenegro","MNE","1996, 1998, 2000, 2002-2005",7
"GOV_WGI_GE.SR","Nauru","NRU","1996, 1998, 2000, 2002-2006",8
"GOV_WGI_GE.SR","Netherlands Antilles","","1996, 1998, 2000, 2002-2003, 2018-2024",12
"GOV_WGI_GE.SR","New Caledonia","NCL","1996, 1998, 2000, 2002-2024",26
"GOV_WGI_GE.SR","Niue","","1996, 1998, 2000, 2002-2008, 2016-2021",16
"GOV_WGI_GE.SR","Palau","PLW","1996, 1998, 2000, 2002-2007",9
"GOV_WGI_GE.SR","Reunion","","1996, 1998, 2000, 2002-2003",5
"GOV_WGI_GE.SR","San Marino","SMR","1996, 1998, 2000, 2002-2014",16
"GOV_WGI_GE.SR","Solomon Islands","SLB","1996, 1998, 2000, 2002-2003",5
"GOV_WGI_GE.SR","South Sudan","SSD","1996, 1998, 2000, 2002-2010",12
"GOV_WGI_GE.SR","St. Kitts and Nevis","KNA","1996, 1998, 2000, 2002-2003",5
"GOV_WGI_GE.SR","St. Lucia","LCA","1996, 1998, 2000, 2002-2003",5
"GOV_WGI_GE.SR","St. Vincent and the Grenadines","VCT","1996, 1998, 2000, 2002-2003",5
"GOV_WGI_GE.SR","Timor-Leste","TLS","1996, 1998, 2000",3
"GOV_WGI_GE.SR","Tonga","TON","1996, 1998, 2000, 2002-2003",5
"GOV_WGI_GE.SR","Tuvalu","TUV","1996, 1998, 2000, 2002-2003",5
"GOV_WGI_GE.SR","Vanuatu","VUT","1996, 1998, 2000, 2002-2003",5
"GOV_WGI_GE.SR","Virgin Islands (U.S.)","VIR","1996, 1998, 2000, 2002-2003",5
"GOV_WGI_PV.EST","American Samoa","ASM","1996, 1998, 2000, 2002-2003",5
"GOV_WGI_PV.EST","Anguilla","","1996, 1998, 2000, 2002-2003",5
"GOV_WGI_PV.EST","Aruba","ABW","1996, 1998, 2000, 2002-2003",5
"GOV_WGI_PV.EST","Cook Islands","","1996, 1998, 2000, 2002-2008, 2015-2017",13
"GOV_WGI_PV.EST","French Polynesia","PYF","1996, 1998, 2000, 2002-2018",20
"GOV_WGI_PV.EST","Greenland","GRL","1996, 1998, 2000, 2002-2008",10
"GOV_WGI_PV.EST","Guam","GUM","1996, 1998, 2000, 2002-2003",5
"GOV_WGI_PV.EST","Jersey","","1996, 1998, 2000, 2002-2010",12
"GOV_WGI_PV.EST","Kiribati","KIR","1996, 1998, 2000, 2002",4
"GOV_WGI_PV.EST","Kosovo","XKX","1996, 1998, 2000",3
"GOV_WGI_PV.EST","Marshall Islands","MHL","1996, 1998, 2000, 2002",4
"GOV_WGI_PV.EST","Micronesia, Fed. Sts.","FSM","1996, 1998, 2000, 2002",4
"GOV_WGI_PV.EST","Monaco","MCO","1996, 1998, 2000, 2002",4
"GOV_WGI_PV.EST","Montenegro","MNE","1996",1
"GOV_WGI_PV.EST","Nauru","NRU","1996, 1998, 2000, 2002",4
"GOV_WGI_PV.EST","Netherlands Antilles","","1996, 1998, 2000, 2002-2003, 2018-2024",12
"GOV_WGI_PV.EST","New Caledonia","NCL","1996, 1998, 2000, 2002-2017",19
"GOV_WGI_PV.EST","Niue","","1996, 1998, 2000, 2002-2008, 2015-2017",13
"GOV_WGI_PV.EST","Palau","PLW","1996, 1998, 2000, 2002",4
"GOV_WGI_PV.EST","Reunion","","1996, 1998, 2000, 2002-2003",5
"GOV_WGI_PV.EST","San Marino","SMR","1996, 1998, 2000, 2002",4
"GOV_WGI_PV.EST","South Sudan","SSD","1996, 1998, 2000, 2002-2010",12
"GOV_WGI_PV.EST","St. Kitts and Nevis","KNA","1996, 1998, 2000, 2002",4
"GOV_WGI_PV.EST","Timor-Leste","TLS","1996, 1998",2
"GOV_WGI_PV.EST","Tonga","TON","1996, 1998, 2000, 2002",4
"GOV_WGI_PV.EST","Tuvalu","TUV","1996, 1998, 2000, 2002",4
"GOV_WGI_PV.EST","Virgin Islands (U.S.)","VIR","1996, 1998, 2000, 2002-2003",5
"GOV_WGI_PV.SC","American Samoa","ASM","1996, 1998, 2000, 2002-2003",5
"GOV_WGI_PV.SC","Anguilla","","1996, 1998, 2000, 2002-2003",5
"GOV_WGI_PV.SC","Aruba","ABW","1996, 1998, 2000, 2002-2003",5
"GOV_WGI_PV.SC","Cook Islands","","1996, 1998, 2000, 2002-2008, 2015-2017",13
"GOV_WGI_PV.SC","French Polynesia","PYF","1996, 1998, 2000, 2002-2018",20
"GOV_WGI_PV.SC","Greenland","GRL","1996, 1998, 2000, 2002-2008",10
"GOV_WGI_PV.SC","Guam","GUM","1996, 1998, 2000, 2002-2003",5
"GOV_WGI_PV.SC","Jersey","","1996, 1998, 2000, 2002-2010",12
"GOV_WGI_PV.SC","Kiribati","KIR","1996, 1998, 2000, 2002",4
"GOV_WGI_PV.SC","Kosovo","XKX","1996, 1998, 2000",3
"GOV_WGI_PV.SC","Marshall Islands","MHL","1996, 1998, 2000, 2002",4
"GOV_WGI_PV.SC","Micronesia, Fed. Sts.","FSM","1996, 1998, 2000, 2002",4
"GOV_WGI_PV.SC","Monaco","MCO","1996, 1998, 2000, 2002",4
"GOV_WGI_PV.SC","Montenegro","MNE","1996",1
"GOV_WGI_PV.SC","Nauru","NRU","1996, 1998, 2000, 2002",4
"GOV_WGI_PV.SC","Netherlands Antilles","","1996, 1998, 2000, 2002-2003, 2018-2024",12
"GOV_WGI_PV.SC","New Caledonia","NCL","1996, 1998, 2000, 2002-2017",19
"GOV_WGI_PV.SC","Niue","","1996, 1998, 2000, 2002-2008, 2015-2017",13
"GOV_WGI_PV.SC","Palau","PLW","1996, 1998, 2000, 2002",4
"GOV_WGI_PV.SC","Reunion","","1996, 1998, 2000, 2002-2003",5
"GOV_WGI_PV.SC","San Marino","SMR","1996, 1998, 2000, 2002",4
"GOV_WGI_PV.SC","South Sudan","SSD","1996, 1998, 2000, 2002-2010",12
"GOV_WGI_PV.SC","St. Kitts and Nevis","KNA","1996, 1998, 2000, 2002",4
"GOV_WGI_PV.SC","Timor-Leste","TLS","1996, 1998",2
"GOV_WGI_PV.SC","Tonga","TON","1996, 1998, 2000, 2002",4
"GOV_WGI_PV.SC","Tuvalu","TUV","1996, 1998, 2000, 2002",4
"GOV_WGI_PV.SC","Virgin Islands (U.S.)","VIR","1996, 1998, 2000, 2002-2003",5
"GOV_WGI_PV.SC_LB","American Samoa","ASM","1996, 1998, 2000, 2002-2003",5
"GOV_WGI_PV.SC_LB","Anguilla","","1996, 1998, 2000, 2002-2003",5
"GOV_WGI_PV.SC_LB","Aruba","ABW","1996, 1998, 2000, 2002-2003",5
"GOV_WGI_PV.SC_LB","Cook Islands","","1996, 1998, 2000, 2002-2008, 2015-2017",13
"GOV_WGI_PV.SC_LB","French Polynesia","PYF","1996, 1998, 2000, 2002-2018",20
"GOV_WGI_PV.SC_LB","Greenland","GRL","1996, 1998, 2000, 2002-2008",10
"GOV_WGI_PV.SC_LB","Guam","GUM","1996, 1998, 2000, 2002-2003",5
"GOV_WGI_PV.SC_LB","Jersey","","1996, 1998, 2000, 2002-2010",12
"GOV_WGI_PV.SC_LB","Kiribati","KIR","1996, 1998, 2000, 2002",4
"GOV_WGI_PV.SC_LB","Kosovo","XKX","1996, 1998, 2000",3
"GOV_WGI_PV.SC_LB","Marshall Islands","MHL","1996, 1998, 2000, 2002",4
"GOV_WGI_PV.SC_LB","Micronesia, Fed. Sts.","FSM","1996, 1998, 2000, 2002",4
"GOV_WGI_PV.SC_LB","Monaco","MCO","1996, 1998, 2000, 2002",4
"GOV_WGI_PV.SC_LB","Montenegro","MNE","1996",1
"GOV_WGI_PV.SC_LB","Nauru","NRU","1996, 1998, 2000, 2002",4
"GOV_WGI_PV.SC_LB","Netherlands Antilles","","1996, 1998, 2000, 2002-2003, 2018-2024",12
"GOV_WGI_PV.SC_LB","New Caledonia","NCL","1996, 1998, 2000, 2002-2017",19
"GOV_WGI_PV.SC_LB","Niue","","1996, 1998, 2000, 2002-2008, 2015-2017",13
"GOV_WGI_PV.SC_LB","Palau","PLW","1996, 1998, 2000, 2002",4
"GOV_WGI_PV.SC_LB","Reunion","","1996, 1998, 2000, 2002-2003",5
"GOV_WGI_PV.SC_LB","San Marino","SMR","1996, 1998, 2000, 2002",4
"GOV_WGI_PV.SC_LB","South Sudan","SSD","1996, 1998, 2000, 2002-2010",12
"GOV_WGI_PV.SC_LB","St. Kitts and Nevis","KNA","1996, 1998, 2000, 2002",4
"GOV_WGI_PV.SC_LB","Timor-Leste","TLS","1996, 1998",2
"GOV_WGI_PV.SC_LB","Tonga","TON","1996, 1998, 2000, 2002",4
"GOV_WGI_PV.SC_LB","Tuvalu","TUV","1996, 1998, 2000, 2002",4
"GOV_WGI_PV.SC_LB","Virgin Islands (U.S.)","VIR","1996, 1998, 2000, 2002-2003",5
"GOV_WGI_PV.SC_UB","American Samoa","ASM","1996, 1998, 2000, 2002-2003",5
"GOV_WGI_PV.SC_UB","Anguilla","","1996, 1998, 2000, 2002-2003",5
"GOV_WGI_PV.SC_UB","Aruba","ABW","1996, 1998, 2000, 2002-2003",5
"GOV_WGI_PV.SC_UB","Cook Islands","","1996, 1998, 2000, 2002-2008, 2015-2017",13
"GOV_WGI_PV.SC_UB","French Polynesia","PYF","1996, 1998, 2000, 2002-2018",20
"GOV_WGI_PV.SC_UB","Greenland","GRL","1996, 1998, 2000, 2002-2008",10
"GOV_WGI_PV.SC_UB","Guam","GUM","1996, 1998, 2000, 2002-2003",5
"GOV_WGI_PV.SC_UB","Jersey","","1996, 1998, 2000, 2002-2010",12
"GOV_WGI_PV.SC_UB","Kiribati","KIR","1996, 1998, 2000, 2002",4
"GOV_WGI_PV.SC_UB","Kosovo","XKX","1996, 1998, 2000",3
"GOV_WGI_PV.SC_UB","Marshall Islands","MHL","1996, 1998, 2000, 2002",4
"GOV_WGI_PV.SC_UB","Micronesia, Fed. Sts.","FSM","1996, 1998, 2000, 2002",4
"GOV_WGI_PV.SC_UB","Monaco","MCO","1996, 1998, 2000, 2002",4
"GOV_WGI_PV.SC_UB","Montenegro","MNE","1996",1
"GOV_WGI_PV.SC_UB","Nauru","NRU","1996, 1998, 2000, 2002",4
"GOV_WGI_PV.SC_UB","Netherlands Antilles","","1996, 1998, 2000, 2002-2003, 2018-2024",12
"GOV_WGI_PV.SC_UB","New Caledonia","NCL","1996, 1998, 2000, 2002-2017",19
"GOV_WGI_PV.SC_UB","Niue","","1996, 1998, 2000, 2002-2008, 2015-2017",13
"GOV_WGI_PV.SC_UB","Palau","PLW","1996, 1998, 2000, 2002",4
"GOV_WGI_PV.SC_UB","Reunion","","1996, 1998, 2000, 2002-2003",5
"GOV_WGI_PV.SC_UB","San Marino","SMR","1996, 1998, 2000, 2002",4
"GOV_WGI_PV.SC_UB","South Sudan","SSD","1996, 1998, 2000, 2002-2010",12
"GOV_WGI_PV.SC_UB","St. Kitts and Nevis","KNA","1996, 1998, 2000, 2002",4
"GOV_WGI_PV.SC_UB","Timor-Leste","TLS","1996, 1998",2
"GOV_WGI_PV.SC_UB","Tonga","TON","1996, 1998, 2000, 2002",4
"GOV_WGI_PV.SC_UB","Tuvalu","TUV","1996, 1998, 2000, 2002",4
"GOV_WGI_PV.SC_UB","Virgin Islands (U.S.)","VIR","1996, 1998, 2000, 2002-2003",5
"GOV_WGI_PV.SE","American Samoa","ASM","1996, 1998, 2000, 2002-2003",5
"GOV_WGI_PV.SE","Anguilla","","1996, 1998, 2000, 2002-2003",5
"GOV_WGI_PV.SE","Aruba","ABW","1996, 1998, 2000, 2002-2003",5
"GOV_WGI_PV.SE","Cook Islands","","1996, 1998, 2000, 2002-2008, 2015-2017",13
"GOV_WGI_PV.SE","French Polynesia","PYF","1996, 1998, 2000, 2002-2018",20
"GOV_WGI_PV.SE","Greenland","GRL","1996, 1998, 2000, 2002-2008",10
"GOV_WGI_PV.SE","Guam","GUM","1996, 1998, 2000, 2002-2003",5
"GOV_WGI_PV.SE","Jersey","","1996, 1998, 2000, 2002-2010",12
"GOV_WGI_PV.SE","Kiribati","KIR","1996, 1998, 2000, 2002",4
"GOV_WGI_PV.SE","Kosovo","XKX","1996, 1998, 2000",3
"GOV_WGI_PV.SE","Marshall Islands","MHL","1996, 1998, 2000, 2002",4
"GOV_WGI_PV.SE","Micronesia, Fed. Sts.","FSM","1996, 1998, 2000, 2002",4
"GOV_WGI_PV.SE","Monaco","MCO","1996, 1998, 2000, 2002",4
"GOV_WGI_PV.SE","Montenegro","MNE","1996",1
"GOV_WGI_PV.SE","Nauru","NRU","1996, 1998, 2000, 2002",4
"GOV_WGI_PV.SE","Netherlands Antilles","","1996, 1998, 2000, 2002-2003, 2018-2024",12
"GOV_WGI_PV.SE","New Caledonia","NCL","1996, 1998, 2000, 2002-2017",19
"GOV_WGI_PV.SE","Niue","","1996, 1998, 2000, 2002-2008, 2015-2017",13
"GOV_WGI_PV.SE","Palau","PLW","1996, 1998, 2000, 2002",4
"GOV_WGI_PV.SE","Reunion","","1996, 1998, 2000, 2002-2003",5
"GOV_WGI_PV.SE","San Marino","SMR","1996, 1998, 2000, 2002",4
"GOV_WGI_PV.SE","South Sudan","SSD","1996, 1998, 2000, 2002-2010",12
"GOV_WGI_PV.SE","St. Kitts and Nevis","KNA","1996, 1998, 2000, 2002",4
"GOV_WGI_PV.SE","Timor-Leste","TLS","1996, 1998",2
"GOV_WGI_PV.SE","Tonga","TON","1996, 1998, 2000, 2002",4
"GOV_WGI_PV.SE","Tuvalu","TUV","1996, 1998, 2000, 2002",4
"GOV_WGI_PV.SE","Virgin Islands (U.S.)","VIR","1996, 1998, 2000, 2002-2003",5
"GOV_WGI_PV.SR","American Samoa","ASM","1996, 1998, 2000, 2002-2003",5
"GOV_WGI_PV.SR","Anguilla","","1996, 1998, 2000, 2002-2003",5
"GOV_WGI_PV.SR","Aruba","ABW","1996, 1998, 2000, 2002-2003",5
"GOV_WGI_PV.SR","Cook Islands","","1996, 1998, 2000, 2002-2008, 2015-2017",13
"GOV_WGI_PV.SR","French Polynesia","PYF","1996, 1998, 2000, 2002-2018",20
"GOV_WGI_PV.SR","Greenland","GRL","1996, 1998, 2000, 2002-2008",10
"GOV_WGI_PV.SR","Guam","GUM","1996, 1998, 2000, 2002-2003",5
"GOV_WGI_PV.SR","Jersey","","1996, 1998, 2000, 2002-2010",12
"GOV_WGI_PV.SR","Kiribati","KIR","1996, 1998, 2000, 2002",4
"GOV_WGI_PV.SR","Kosovo","XKX","1996, 1998, 2000",3
"GOV_WGI_PV.SR","Marshall Islands","MHL","1996, 1998, 2000, 2002",4
"GOV_WGI_PV.SR","Micronesia, Fed. Sts.","FSM","1996, 1998, 2000, 2002",4
"GOV_WGI_PV.SR","Monaco","MCO","1996, 1998, 2000, 2002",4
"GOV_WGI_PV.SR","Montenegro","MNE","1996",1
"GOV_WGI_PV.SR","Nauru","NRU","1996, 1998, 2000, 2002",4
"GOV_WGI_PV.SR","Netherlands Antilles","","1996, 1998, 2000, 2002-2003, 2018-2024",12
"GOV_WGI_PV.SR","New Caledonia","NCL","1996, 1998, 2000, 2002-2017",19
"GOV_WGI_PV.SR","Niue","","1996, 1998, 2000, 2002-2008, 2015-2017",13
"GOV_WGI_PV.SR","Palau","PLW","1996, 1998, 2000, 2002",4
"GOV_WGI_PV.SR","Reunion","","1996, 1998, 2000, 2002-2003",5
"GOV_WGI_PV.SR","San Marino","SMR","1996, 1998, 2000, 2002",4
"GOV_WGI_PV.SR","South Sudan","SSD","1996, 1998, 2000, 2002-2010",12
"GOV_WGI_PV.SR","St. Kitts and Nevis","KNA","1996, 1998, 2000, 2002",4
"GOV_WGI_PV.SR","Timor-Leste","TLS","1996, 1998",2
"GOV_WGI_PV.SR","Tonga","TON","1996, 1998, 2000, 2002",4
"GOV_WGI_PV.SR","Tuvalu","TUV","1996, 1998, 2000, 2002",4
"GOV_WGI_PV.SR","Virgin Islands (U.S.)","VIR","1996, 1998, 2000, 2002-2003",5
"GOV_WGI_RL.EST","American Samoa","ASM","1996, 1998, 2000, 2002-2003",5
"GOV_WGI_RL.EST","Anguilla","","1996, 1998, 2000, 2002-2003",5
"GOV_WGI_RL.EST","Aruba","ABW","1996, 1998, 2000, 2002-2003",5
"GOV_WGI_RL.EST","Cook Islands","","1996, 1998, 2000, 2002-2004, 2016-2017",8
"GOV_WGI_RL.EST","French Polynesia","PYF","1996, 1998, 2000, 2002-2018",20
"GOV_WGI_RL.EST","Greenland","GRL","1996, 1998, 2000, 2002-2008",10
"GOV_WGI_RL.EST","Guam","GUM","1996, 1998, 2000, 2002-2003",5
"GOV_WGI_RL.EST","Jersey","","1996, 1998, 2000, 2002-2010",12
"GOV_WGI_RL.EST","Kosovo","XKX","1996, 1998",2
"GOV_WGI_RL.EST","Montenegro","MNE","1996",1
"GOV_WGI_RL.EST","Netherlands Antilles","","1996, 1998, 2000, 2002-2003, 2018-2024",12
"GOV_WGI_RL.EST","New Caledonia","NCL","1996, 1998, 2000, 2002-2017",19
"GOV_WGI_RL.EST","Niue","","1996, 1998, 2000, 2002-2008, 2016-2017",12
"GOV_WGI_RL.EST","Reunion","","1996, 1998, 2000, 2002-2003",5
"GOV_WGI_RL.EST","South Sudan","SSD","1996, 1998, 2000, 2002-2010",12
"GOV_WGI_RL.EST","Timor-Leste","TLS","1996, 1998",2
"GOV_WGI_RL.EST","Virgin Islands (U.S.)","VIR","1996, 1998, 2000, 2002-2003",5
"GOV_WGI_RL.SC","American Samoa","ASM","1996, 1998, 2000, 2002-2003",5
"GOV_WGI_RL.SC","Anguilla","","1996, 1998, 2000, 2002-2003",5
"GOV_WGI_RL.SC","Aruba","ABW","1996, 1998, 2000, 2002-2003",5
"GOV_WGI_RL.SC","Cook Islands","","1996, 1998, 2000, 2002-2004, 2016-2017",8
"GOV_WGI_RL.SC","French Polynesia","PYF","1996, 1998, 2000, 2002-2018",20
"GOV_WGI_RL.SC","Greenland","GRL","1996, 1998, 2000, 2002-2008",10
"GOV_WGI_RL.SC","Guam","GUM","1996, 1998, 2000, 2002-2003",5
"GOV_WGI_RL.SC","Jersey","","1996, 1998, 2000, 2002-2010",12
"GOV_WGI_RL.SC","Kosovo","XKX","1996, 1998",2
"GOV_WGI_RL.SC","Montenegro","MNE","1996",1
"GOV_WGI_RL.SC","Netherlands Antilles","","1996, 1998, 2000, 2002-2003, 2018-2024",12
"GOV_WGI_RL.SC","New Caledonia","NCL","1996, 1998, 2000, 2002-2017",19
"GOV_WGI_RL.SC","Niue","","1996, 1998, 2000, 2002-2008, 2016-2017",12
"GOV_WGI_RL.SC","Reunion","","1996, 1998, 2000, 2002-2003",5
"GOV_WGI_RL.SC","South Sudan","SSD","1996, 1998, 2000, 2002-2010",12
"GOV_WGI_RL.SC","Timor-Leste","TLS","1996, 1998",2
"GOV_WGI_RL.SC","Virgin Islands (U.S.)","VIR","1996, 1998, 2000, 2002-2003",5
"GOV_WGI_RL.SC_LB","American Samoa","ASM","1996, 1998, 2000, 2002-2003",5
"GOV_WGI_RL.SC_LB","Anguilla","","1996, 1998, 2000, 2002-2003",5
"GOV_WGI_RL.SC_LB","Aruba","ABW","1996, 1998, 2000, 2002-2003",5
"GOV_WGI_RL.SC_LB","Cook Islands","","1996, 1998, 2000, 2002-2004, 2016-2017",8
"GOV_WGI_RL.SC_LB","French Polynesia","PYF","1996, 1998, 2000, 2002-2018",20
"GOV_WGI_RL.SC_LB","Greenland","GRL","1996, 1998, 2000, 2002-2008",10
"GOV_WGI_RL.SC_LB","Guam","GUM","1996, 1998, 2000, 2002-2003",5
"GOV_WGI_RL.SC_LB","Jersey","","1996, 1998, 2000, 2002-2010",12
"GOV_WGI_RL.SC_LB","Kosovo","XKX","1996, 1998",2
"GOV_WGI_RL.SC_LB","Montenegro","MNE","1996",1
"GOV_WGI_RL.SC_LB","Netherlands Antilles","","1996, 1998, 2000, 2002-2003, 2018-2024",12
"GOV_WGI_RL.SC_LB","New Caledonia","NCL","1996, 1998, 2000, 2002-2017",19
"GOV_WGI_RL.SC_LB","Niue","","1996, 1998, 2000, 2002-2008, 2016-2017",12
"GOV_WGI_RL.SC_LB","Reunion","","1996, 1998, 2000, 2002-2003",5
"GOV_WGI_RL.SC_LB","South Sudan","SSD","1996, 1998, 2000, 2002-2010",12
"GOV_WGI_RL.SC_LB","Timor-Leste","TLS","1996, 1998",2
"GOV_WGI_RL.SC_LB","Virgin Islands (U.S.)","VIR","1996, 1998, 2000, 2002-2003",5
"GOV_WGI_RL.SC_UB","American Samoa","ASM","1996, 1998, 2000, 2002-2003",5
"GOV_WGI_RL.SC_UB","Anguilla","","1996, 1998, 2000, 2002-2003",5
"GOV_WGI_RL.SC_UB","Aruba","ABW","1996, 1998, 2000, 2002-2003",5
"GOV_WGI_RL.SC_UB","Cook Islands","","1996, 1998, 2000, 2002-2004, 2016-2017",8
"GOV_WGI_RL.SC_UB","French Polynesia","PYF","1996, 1998, 2000, 2002-2018",20
"GOV_WGI_RL.SC_UB","Greenland","GRL","1996, 1998, 2000, 2002-2008",10
"GOV_WGI_RL.SC_UB","Guam","GUM","1996, 1998, 2000, 2002-2003",5
"GOV_WGI_RL.SC_UB","Jersey","","1996, 1998, 2000, 2002-2010",12
"GOV_WGI_RL.SC_UB","Kosovo","XKX","1996, 1998",2
"GOV_WGI_RL.SC_UB","Montenegro","MNE","1996",1
"GOV_WGI_RL.SC_UB","Netherlands Antilles","","1996, 1998, 2000, 2002-2003, 2018-2024",12
"GOV_WGI_RL.SC_UB","New Caledonia","NCL","1996, 1998, 2000, 2002-2017",19
"GOV_WGI_RL.SC_UB","Niue","","1996, 1998, 2000, 2002-2008, 2016-2017",12
"GOV_WGI_RL.SC_UB","Reunion","","1996, 1998, 2000, 2002-2003",5
"GOV_WGI_RL.SC_UB","South Sudan","SSD","1996, 1998, 2000, 2002-2010",12
"GOV_WGI_RL.SC_UB","Timor-Leste","TLS","1996, 1998",2
"GOV_WGI_RL.SC_UB","Virgin Islands (U.S.)","VIR","1996, 1998, 2000, 2002-2003",5
"GOV_WGI_RL.SE","American Samoa","ASM","1996, 1998, 2000, 2002-2003",5
"GOV_WGI_RL.SE","Anguilla","","1996, 1998, 2000, 2002-2003",5
"GOV_WGI_RL.SE","Aruba","ABW","1996, 1998, 2000, 2002-2003",5
"GOV_WGI_RL.SE","Cook Islands","","1996, 1998, 2000, 2002-2004, 2016-2017",8
"GOV_WGI_RL.SE","French Polynesia","PYF","1996, 1998, 2000, 2002-2018",20
"GOV_WGI_RL.SE","Greenland","GRL","1996, 1998, 2000, 2002-2008",10
"GOV_WGI_RL.SE","Guam","GUM","1996, 1998, 2000, 2002-2003",5
"GOV_WGI_RL.SE","Jersey","","1996, 1998, 2000, 2002-2010",12
"GOV_WGI_RL.SE","Kosovo","XKX","1996, 1998",2
"GOV_WGI_RL.SE","Montenegro","MNE","1996",1
"GOV_WGI_RL.SE","Netherlands Antilles","","1996, 1998, 2000, 2002-2003, 2018-2024",12
"GOV_WGI_RL.SE","New Caledonia","NCL","1996, 1998, 2000, 2002-2017",19
"GOV_WGI_RL.SE","Niue","","1996, 1998, 2000, 2002-2008, 2016-2017",12
"GOV_WGI_RL.SE","Reunion","","1996, 1998, 2000, 2002-2003",5
"GOV_WGI_RL.SE","South Sudan","SSD","1996, 1998, 2000, 2002-2010",12
"GOV_WGI_RL.SE","Timor-Leste","TLS","1996, 1998",2
"GOV_WGI_RL.SE","Virgin Islands (U.S.)","VIR","1996, 1998, 2000, 2002-2003",5
"GOV_WGI_RL.SR","American Samoa","ASM","1996, 1998, 2000, 2002-2003",5
"GOV_WGI_RL.SR","Anguilla","","1996, 1998, 2000, 2002-2003",5
"GOV_WGI_RL.SR","Aruba","ABW","1996, 1998, 2000, 2002-2003",5
"GOV_WGI_RL.SR","Cook Islands","","1996, 1998, 2000, 2002-2004, 2016-2017",8
"GOV_WGI_RL.SR","French Polynesia","PYF","1996, 1998, 2000, 2002-2018",20
"GOV_WGI_RL.SR","Greenland","GRL","1996, 1998, 2000, 2002-2008",10
"GOV_WGI_RL.SR","Guam","GUM","1996, 1998, 2000, 2002-2003",5
"GOV_WGI_RL.SR","Jersey","","1996, 1998, 2000, 2002-2010",12
"GOV_WGI_RL.SR","Kosovo","XKX","1996, 1998",2
"GOV_WGI_RL.SR","Montenegro","MNE","1996",1
"GOV_WGI_RL.SR","Netherlands Antilles","","1996, 1998, 2000, 2002-2003, 2018-2024",12
"GOV_WGI_RL.SR","New Caledonia","NCL","1996, 1998, 2000, 2002-2017",19
"GOV_WGI_RL.SR","Niue","","1996, 1998, 2000, 2002-2008, 2016-2017",12
"GOV_WGI_RL.SR","Reunion","","1996, 1998, 2000, 2002-2003",5
"GOV_WGI_RL.SR","South Sudan","SSD","1996, 1998, 2000, 2002-2010",12
"GOV_WGI_RL.SR","Timor-Leste","TLS","1996, 1998",2
"GOV_WGI_RL.SR","Virgin Islands (U.S.)","VIR","1996, 1998, 2000, 2002-2003",5
"GOV_WGI_RQ.EST","American Samoa","ASM","1996, 1998, 2000, 2002-2003",5
"GOV_WGI_RQ.EST","Anguilla","","1996, 1998, 2000, 2002-2003",5
"GOV_WGI_RQ.EST","Aruba","ABW","1996, 1998, 2000, 2002-2003",5
"GOV_WGI_RQ.EST","Cook Islands","","1996, 1998, 2000, 2002-2004, 2016-2021",12
"GOV_WGI_RQ.EST","French Polynesia","PYF","1996, 1998, 2000, 2002-2024",26
"GOV_WGI_RQ.EST","Greenland","GRL","1996, 1998, 2000, 2002-2008",10
"GOV_WGI_RQ.EST","Guam","GUM","1996, 1998, 2000, 2002-2003",5
"GOV_WGI_RQ.EST","Jersey","","1996, 1998, 2000, 2002-2010",12
"GOV_WGI_RQ.EST","Kiribati","KIR","1996, 1998, 2000, 2002-2003",5
"GOV_WGI_RQ.EST","Kosovo","XKX","1996, 1998, 2000, 2002-2007",9
"GOV_WGI_RQ.EST","Marshall Islands","MHL","1996, 1998, 2000, 2002-2004",6
"GOV_WGI_RQ.EST","Micronesia, Fed. Sts.","FSM","1996, 1998, 2000, 2002-2003",5
"GOV_WGI_RQ.EST","Monaco","MCO","1996, 1998, 2000, 2002-2014",16
"GOV_WGI_RQ.EST","Montenegro","MNE","1996, 1998, 2000, 2002-2005",7
"GOV_WGI_RQ.EST","Nauru","NRU","1996, 1998, 2000, 2002-2006",8
"GOV_WGI_RQ.EST","Netherlands Antilles","","1996, 1998, 2000, 2002-2003, 2018-2024",12
"GOV_WGI_RQ.EST","New Caledonia","NCL","1996, 1998, 2000, 2002-2024",26
"GOV_WGI_RQ.EST","Niue","","1996, 1998, 2000, 2002-2008, 2016-2021",16
"GOV_WGI_RQ.EST","Palau","PLW","1996, 1998, 2000, 2002-2007",9
"GOV_WGI_RQ.EST","Reunion","","1996, 1998, 2000, 2002-2003",5
"GOV_WGI_RQ.EST","San Marino","SMR","1996, 1998, 2000, 2002-2014",16
"GOV_WGI_RQ.EST","Solomon Islands","SLB","1996, 1998, 2000, 2002-2003",5
"GOV_WGI_RQ.EST","South Sudan","SSD","1996, 1998, 2000, 2002-2010",12
"GOV_WGI_RQ.EST","St. Kitts and Nevis","KNA","1996, 1998, 2000, 2002-2003",5
"GOV_WGI_RQ.EST","St. Lucia","LCA","1996, 1998, 2000, 2002-2003",5
"GOV_WGI_RQ.EST","St. Vincent and the Grenadines","VCT","1996, 1998, 2000, 2002-2003",5
"GOV_WGI_RQ.EST","Timor-Leste","TLS","1996, 1998, 2000",3
"GOV_WGI_RQ.EST","Tonga","TON","1996, 1998, 2000, 2002-2003",5
"GOV_WGI_RQ.EST","Tuvalu","TUV","1996, 1998, 2000, 2002-2003",5
"GOV_WGI_RQ.EST","Vanuatu","VUT","1996, 1998, 2000, 2002-2003",5
"GOV_WGI_RQ.EST","Virgin Islands (U.S.)","VIR","1996, 1998, 2000, 2002-2003",5
"GOV_WGI_RQ.SC","American Samoa","ASM","1996, 1998, 2000, 2002-2003",5
"GOV_WGI_RQ.SC","Anguilla","","1996, 1998, 2000, 2002-2003",5
"GOV_WGI_RQ.SC","Aruba","ABW","1996, 1998, 2000, 2002-2003",5
"GOV_WGI_RQ.SC","Cook Islands","","1996, 1998, 2000, 2002-2004, 2016-2021",12
"GOV_WGI_RQ.SC","French Polynesia","PYF","1996, 1998, 2000, 2002-2024",26
"GOV_WGI_RQ.SC","Greenland","GRL","1996, 1998, 2000, 2002-2008",10
"GOV_WGI_RQ.SC","Guam","GUM","1996, 1998, 2000, 2002-2003",5
"GOV_WGI_RQ.SC","Jersey","","1996, 1998, 2000, 2002-2010",12
"GOV_WGI_RQ.SC","Kiribati","KIR","1996, 1998, 2000, 2002-2003",5
"GOV_WGI_RQ.SC","Kosovo","XKX","1996, 1998, 2000, 2002-2007",9
"GOV_WGI_RQ.SC","Marshall Islands","MHL","1996, 1998, 2000, 2002-2004",6
"GOV_WGI_RQ.SC","Micronesia, Fed. Sts.","FSM","1996, 1998, 2000, 2002-2003",5
"GOV_WGI_RQ.SC","Monaco","MCO","1996, 1998, 2000, 2002-2014",16
"GOV_WGI_RQ.SC","Montenegro","MNE","1996, 1998, 2000, 2002-2005",7
"GOV_WGI_RQ.SC","Nauru","NRU","1996, 1998, 2000, 2002-2006",8
"GOV_WGI_RQ.SC","Netherlands Antilles","","1996, 1998, 2000, 2002-2003, 2018-2024",12
"GOV_WGI_RQ.SC","New Caledonia","NCL","1996, 1998, 2000, 2002-2024",26
"GOV_WGI_RQ.SC","Niue","","1996, 1998, 2000, 2002-2008, 2016-2021",16
"GOV_WGI_RQ.SC","Palau","PLW","1996, 1998, 2000, 2002-2007",9
"GOV_WGI_RQ.SC","Reunion","","1996, 1998, 2000, 2002-2003",5
"GOV_WGI_RQ.SC","San Marino","SMR","1996, 1998, 2000, 2002-2014",16
"GOV_WGI_RQ.SC","Solomon Islands","SLB","1996, 1998, 2000, 2002-2003",5
"GOV_WGI_RQ.SC","South Sudan","SSD","1996, 1998, 2000, 2002-2010",12
"GOV_WGI_RQ.SC","St. Kitts and Nevis","KNA","1996, 1998, 2000, 2002-2003",5
"GOV_WGI_RQ.SC","St. Lucia","LCA","1996, 1998, 2000, 2002-2003",5
"GOV_WGI_RQ.SC","St. Vincent and the Grenadines","VCT","1996, 1998, 2000, 2002-2003",5
"GOV_WGI_RQ.SC","Timor-Leste","TLS","1996, 1998, 2000",3
"GOV_WGI_RQ.SC","Tonga","TON","1996, 1998, 2000, 2002-2003",5
"GOV_WGI_RQ.SC","Tuvalu","TUV","1996, 1998, 2000, 2002-2003",5
"GOV_WGI_RQ.SC","Vanuatu","VUT","1996, 1998, 2000, 2002-2003",5
"GOV_WGI_RQ.SC","Virgin Islands (U.S.)","VIR","1996, 1998, 2000, 2002-2003",5
"GOV_WGI_RQ.SC_LB","American Samoa","ASM","1996, 1998, 2000, 2002-2003",5
"GOV_WGI_RQ.SC_LB","Anguilla","","1996, 1998, 2000, 2002-2003",5
"GOV_WGI_RQ.SC_LB","Aruba","ABW","1996, 1998, 2000, 2002-2003",5
"GOV_WGI_RQ.SC_LB","Cook Islands","","1996, 1998, 2000, 2002-2004, 2016-2021",12
"GOV_WGI_RQ.SC_LB","French Polynesia","PYF","1996, 1998, 2000, 2002-2024",26
"GOV_WGI_RQ.SC_LB","Greenland","GRL","1996, 1998, 2000, 2002-2008",10
"GOV_WGI_RQ.SC_LB","Guam","GUM","1996, 1998, 2000, 2002-2003",5
"GOV_WGI_RQ.SC_LB","Jersey","","1996, 1998, 2000, 2002-2010",12
"GOV_WGI_RQ.SC_LB","Kiribati","KIR","1996, 1998, 2000, 2002-2003",5
"GOV_WGI_RQ.SC_LB","Kosovo","XKX","1996, 1998, 2000, 2002-2007",9
"GOV_WGI_RQ.SC_LB","Marshall Islands","MHL","1996, 1998, 2000, 2002-2004",6
"GOV_WGI_RQ.SC_LB","Micronesia, Fed. Sts.","FSM","1996, 1998, 2000, 2002-2003",5
"GOV_WGI_RQ.SC_LB","Monaco","MCO","1996, 1998, 2000, 2002-2014",16
"GOV_WGI_RQ.SC_LB","Montenegro","MNE","1996, 1998, 2000, 2002-2005",7
"GOV_WGI_RQ.SC_LB","Nauru","NRU","1996, 1998, 2000, 2002-2006",8
"GOV_WGI_RQ.SC_LB","Netherlands Antilles","","1996, 1998, 2000, 2002-2003, 2018-2024",12
"GOV_WGI_RQ.SC_LB","New Caledonia","NCL","1996, 1998, 2000, 2002-2024",26
"GOV_WGI_RQ.SC_LB","Niue","","1996, 1998, 2000, 2002-2008, 2016-2021",16
"GOV_WGI_RQ.SC_LB","Palau","PLW","1996, 1998, 2000, 2002-2007",9
"GOV_WGI_RQ.SC_LB","Reunion","","1996, 1998, 2000, 2002-2003",5
"GOV_WGI_RQ.SC_LB","San Marino","SMR","1996, 1998, 2000, 2002-2014",16
"GOV_WGI_RQ.SC_LB","Solomon Islands","SLB","1996, 1998, 2000, 2002-2003",5
"GOV_WGI_RQ.SC_LB","South Sudan","SSD","1996, 1998, 2000, 2002-2010",12
"GOV_WGI_RQ.SC_LB","St. Kitts and Nevis","KNA","1996, 1998, 2000, 2002-2003",5
"GOV_WGI_RQ.SC_LB","St. Lucia","LCA","1996, 1998, 2000, 2002-2003",5
"GOV_WGI_RQ.SC_LB","St. Vincent and the Grenadines","VCT","1996, 1998, 2000, 2002-2003",5
"GOV_WGI_RQ.SC_LB","Timor-Leste","TLS","1996, 1998, 2000",3
"GOV_WGI_RQ.SC_LB","Tonga","TON","1996, 1998, 2000, 2002-2003",5
"GOV_WGI_RQ.SC_LB","Tuvalu","TUV","1996, 1998, 2000, 2002-2003",5
"GOV_WGI_RQ.SC_LB","Vanuatu","VUT","1996, 1998, 2000, 2002-2003",5
"GOV_WGI_RQ.SC_LB","Virgin Islands (U.S.)","VIR","1996, 1998, 2000, 2002-2003",5
"GOV_WGI_RQ.SC_UB","American Samoa","ASM","1996, 1998, 2000, 2002-2003",5
"GOV_WGI_RQ.SC_UB","Anguilla","","1996, 1998, 2000, 2002-2003",5
"GOV_WGI_RQ.SC_UB","Aruba","ABW","1996, 1998, 2000, 2002-2003",5
"GOV_WGI_RQ.SC_UB","Cook Islands","","1996, 1998, 2000, 2002-2004, 2016-2021",12
"GOV_WGI_RQ.SC_UB","French Polynesia","PYF","1996, 1998, 2000, 2002-2024",26
"GOV_WGI_RQ.SC_UB","Greenland","GRL","1996, 1998, 2000, 2002-2008",10
"GOV_WGI_RQ.SC_UB","Guam","GUM","1996, 1998, 2000, 2002-2003",5
"GOV_WGI_RQ.SC_UB","Jersey","","1996, 1998, 2000, 2002-2010",12
"GOV_WGI_RQ.SC_UB","Kiribati","KIR","1996, 1998, 2000, 2002-2003",5
"GOV_WGI_RQ.SC_UB","Kosovo","XKX","1996, 1998, 2000, 2002-2007",9
"GOV_WGI_RQ.SC_UB","Marshall Islands","MHL","1996, 1998, 2000, 2002-2004",6
"GOV_WGI_RQ.SC_UB","Micronesia, Fed. Sts.","FSM","1996, 1998, 2000, 2002-2003",5
"GOV_WGI_RQ.SC_UB","Monaco","MCO","1996, 1998, 2000, 2002-2014",16
"GOV_WGI_RQ.SC_UB","Montenegro","MNE","1996, 1998, 2000, 2002-2005",7
"GOV_WGI_RQ.SC_UB","Nauru","NRU","1996, 1998, 2000, 2002-2006",8
"GOV_WGI_RQ.SC_UB","Netherlands Antilles","","1996, 1998, 2000, 2002-2003, 2018-2024",12
"GOV_WGI_RQ.SC_UB","New Caledonia","NCL","1996, 1998, 2000, 2002-2024",26
"GOV_WGI_RQ.SC_UB","Niue","","1996, 1998, 2000, 2002-2008, 2016-2021",16
"GOV_WGI_RQ.SC_UB","Palau","PLW","1996, 1998, 2000, 2002-2007",9
"GOV_WGI_RQ.SC_UB","Reunion","","1996, 1998, 2000, 2002-2003",5
"GOV_WGI_RQ.SC_UB","San Marino","SMR","1996, 1998, 2000, 2002-2014",16
"GOV_WGI_RQ.SC_UB","Solomon Islands","SLB","1996, 1998, 2000, 2002-2003",5
"GOV_WGI_RQ.SC_UB","South Sudan","SSD","1996, 1998, 2000, 2002-2010",12
"GOV_WGI_RQ.SC_UB","St. Kitts and Nevis","KNA","1996, 1998, 2000, 2002-2003",5
"GOV_WGI_RQ.SC_UB","St. Lucia","LCA","1996, 1998, 2000, 2002-2003",5
"GOV_WGI_RQ.SC_UB","St. Vincent and the Grenadines","VCT","1996, 1998, 2000, 2002-2003",5
"GOV_WGI_RQ.SC_UB","Timor-Leste","TLS","1996, 1998, 2000",3
"GOV_WGI_RQ.SC_UB","Tonga","TON","1996, 1998, 2000, 2002-2003",5
"GOV_WGI_RQ.SC_UB","Tuvalu","TUV","1996, 1998, 2000, 2002-2003",5
"GOV_WGI_RQ.SC_UB","Vanuatu","VUT","1996, 1998, 2000, 2002-2003",5
"GOV_WGI_RQ.SC_UB","Virgin Islands (U.S.)","VIR","1996, 1998, 2000, 2002-2003",5
"GOV_WGI_RQ.SE","American Samoa","ASM","1996, 1998, 2000, 2002-2003",5
"GOV_WGI_RQ.SE","Anguilla","","1996, 1998, 2000, 2002-2003",5
"GOV_WGI_RQ.SE","Aruba","ABW","1996, 1998, 2000, 2002-2003",5
"GOV_WGI_RQ.SE","Cook Islands","","1996, 1998, 2000, 2002-2004, 2016-2021",12
"GOV_WGI_RQ.SE","French Polynesia","PYF","1996, 1998, 2000, 2002-2024",26
"GOV_WGI_RQ.SE","Greenland","GRL","1996, 1998, 2000, 2002-2008",10
"GOV_WGI_RQ.SE","Guam","GUM","1996, 1998, 2000, 2002-2003",5
"GOV_WGI_RQ.SE","Jersey","","1996, 1998, 2000, 2002-2010",12
"GOV_WGI_RQ.SE","Kiribati","KIR","1996, 1998, 2000, 2002-2003",5
"GOV_WGI_RQ.SE","Kosovo","XKX","1996, 1998, 2000, 2002-2007",9
"GOV_WGI_RQ.SE","Marshall Islands","MHL","1996, 1998, 2000, 2002-2004",6
"GOV_WGI_RQ.SE","Micronesia, Fed. Sts.","FSM","1996, 1998, 2000, 2002-2003",5
"GOV_WGI_RQ.SE","Monaco","MCO","1996, 1998, 2000, 2002-2014",16
"GOV_WGI_RQ.SE","Montenegro","MNE","1996, 1998, 2000, 2002-2005",7
"GOV_WGI_RQ.SE","Nauru","NRU","1996, 1998, 2000, 2002-2006",8
"GOV_WGI_RQ.SE","Netherlands Antilles","","1996, 1998, 2000, 2002-2003, 2018-2024",12
"GOV_WGI_RQ.SE","New Caledonia","NCL","1996, 1998, 2000, 2002-2024",26
"GOV_WGI_RQ.SE","Niue","","1996, 1998, 2000, 2002-2008, 2016-2021",16
"GOV_WGI_RQ.SE","Palau","PLW","1996, 1998, 2000, 2002-2007",9
"GOV_WGI_RQ.SE","Reunion","","1996, 1998, 2000, 2002-2003",5
"GOV_WGI_RQ.SE","San Marino","SMR","1996, 1998, 2000, 2002-2014",16
"GOV_WGI_RQ.SE","Solomon Islands","SLB","1996, 1998, 2000, 2002-2003",5
"GOV_WGI_RQ.SE","South Sudan","SSD","1996, 1998, 2000, 2002-2010",12
"GOV_WGI_RQ.SE","St. Kitts and Nevis","KNA","1996, 1998, 2000, 2002-2003",5
"GOV_WGI_RQ.SE","St. Lucia","LCA","1996, 1998, 2000, 2002-2003",5
"GOV_WGI_RQ.SE","St. Vincent and the Grenadines","VCT","1996, 1998, 2000, 2002-2003",5
"GOV_WGI_RQ.SE","Timor-Leste","TLS","1996, 1998, 2000",3
"GOV_WGI_RQ.SE","Tonga","TON","1996, 1998, 2000, 2002-2003",5
"GOV_WGI_RQ.SE","Tuvalu","TUV","1996, 1998, 2000, 2002-2003",5
"GOV_WGI_RQ.SE","Vanuatu","VUT","1996, 1998, 2000, 2002-2003",5
"GOV_WGI_RQ.SE","Virgin Islands (U.S.)","VIR","1996, 1998, 2000, 2002-2003",5
"GOV_WGI_RQ.SR","American Samoa","ASM","1996, 1998, 2000, 2002-2003",5
"GOV_WGI_RQ.SR","Anguilla","","1996, 1998, 2000, 2002-2003",5
"GOV_WGI_RQ.SR","Aruba","ABW","1996, 1998, 2000, 2002-2003",5
"GOV_WGI_RQ.SR","Cook Islands","","1996, 1998, 2000, 2002-2004, 2016-2021",12
"GOV_WGI_RQ.SR","French Polynesia","PYF","1996, 1998, 2000, 2002-2024",26
"GOV_WGI_RQ.SR","Greenland","GRL","1996, 1998, 2000, 2002-2008",10
"GOV_WGI_RQ.SR","Guam","GUM","1996, 1998, 2000, 2002-2003",5
"GOV_WGI_RQ.SR","Jersey","","1996, 1998, 2000, 2002-2010",12
"GOV_WGI_RQ.SR","Kiribati","KIR","1996, 1998, 2000, 2002-2003",5
"GOV_WGI_RQ.SR","Kosovo","XKX","1996, 1998, 2000, 2002-2007",9
"GOV_WGI_RQ.SR","Marshall Islands","MHL","1996, 1998, 2000, 2002-2004",6
"GOV_WGI_RQ.SR","Micronesia, Fed. Sts.","FSM","1996, 1998, 2000, 2002-2003",5
"GOV_WGI_RQ.SR","Monaco","MCO","1996, 1998, 2000, 2002-2014",16
"GOV_WGI_RQ.SR","Montenegro","MNE","1996, 1998, 2000, 2002-2005",7
"GOV_WGI_RQ.SR","Nauru","NRU","1996, 1998, 2000, 2002-2006",8
"GOV_WGI_RQ.SR","Netherlands Antilles","","1996, 1998, 2000, 2002-2003, 2018-2024",12
"GOV_WGI_RQ.SR","New Caledonia","NCL","1996, 1998, 2000, 2002-2024",26
"GOV_WGI_RQ.SR","Niue","","1996, 1998, 2000, 2002-2008, 2016-2021",16
"GOV_WGI_RQ.SR","Palau","PLW","1996, 1998, 2000, 2002-2007",9
"GOV_WGI_RQ.SR","Reunion","","1996, 1998, 2000, 2002-2003",5
"GOV_WGI_RQ.SR","San Marino","SMR","1996, 1998, 2000, 2002-2014",16
"GOV_WGI_RQ.SR","Solomon Islands","SLB","1996, 1998, 2000, 2002-2003",5
"GOV_WGI_RQ.SR","South Sudan","SSD","1996, 1998, 2000, 2002-2010",12
"GOV_WGI_RQ.SR","St. Kitts and Nevis","KNA","1996, 1998, 2000, 2002-2003",5
"GOV_WGI_RQ.SR","St. Lucia","LCA","1996, 1998, 2000, 2002-2003",5
"GOV_WGI_RQ.SR","St. Vincent and the Grenadines","VCT","1996, 1998, 2000, 2002-2003",5
"GOV_WGI_RQ.SR","Timor-Leste","TLS","1996, 1998, 2000",3
"GOV_WGI_RQ.SR","Tonga","TON","1996, 1998, 2000, 2002-2003",5
"GOV_WGI_RQ.SR","Tuvalu","TUV","1996, 1998, 2000, 2002-2003",5
"GOV_WGI_RQ.SR","Vanuatu","VUT","1996, 1998, 2000, 2002-2003",5
"GOV_WGI_RQ.SR","Virgin Islands (U.S.)","VIR","1996, 1998, 2000, 2002-2003",5
"GOV_WGI_VA.EST","American Samoa","ASM","1996, 1998, 2000, 2002-2003, 2018",6
"GOV_WGI_VA.EST","Anguilla","","1996, 1998, 2000, 2002-2003, 2018-2024",12
"GOV_WGI_VA.EST","Aruba","ABW","1996, 1998, 2000, 2002-2003",5
"GOV_WGI_VA.EST","Bermuda","BMU","2018-2024",7
"GOV_WGI_VA.EST","Cook Islands","","1996, 1998, 2000, 2002-2004, 2016-2017",8
"GOV_WGI_VA.EST","French Polynesia","PYF","1996, 1998, 2000, 2002-2018",20
"GOV_WGI_VA.EST","Greenland","GRL","1996, 1998, 2000, 2002-2008",10
"GOV_WGI_VA.EST","Guam","GUM","1996, 1998, 2000, 2002-2003",5
"GOV_WGI_VA.EST","Jersey","","1996, 1998, 2000, 2002-2010",12
"GOV_WGI_VA.EST","Martinique","","2018-2024",7
"GOV_WGI_VA.EST","Montenegro","MNE","1996",1
"GOV_WGI_VA.EST","Netherlands Antilles","","1996, 1998, 2000, 2002-2003, 2018-2024",12
"GOV_WGI_VA.EST","New Caledonia","NCL","1996, 1998, 2000, 2002-2017",19
"GOV_WGI_VA.EST","Niue","","1996, 1998, 2000, 2002-2008, 2016-2017",12
"GOV_WGI_VA.EST","Reunion","","1996, 1998, 2000, 2002-2003, 2018-2024",12
"GOV_WGI_VA.EST","South Sudan","SSD","1996, 1998, 2000, 2002-2010",12
"GOV_WGI_VA.EST","Virgin Islands (U.S.)","VIR","1996, 1998, 2000, 2002-2003, 2018-2024",12
"GOV_WGI_VA.SC","American Samoa","ASM","1996, 1998, 2000, 2002-2003, 2018",6
"GOV_WGI_VA.SC","Anguilla","","1996, 1998, 2000, 2002-2003, 2018-2024",12
"GOV_WGI_VA.SC","Aruba","ABW","1996, 1998, 2000, 2002-2003",5
"GOV_WGI_VA.SC","Bermuda","BMU","2018-2024",7
"GOV_WGI_VA.SC","Cook Islands","","1996, 1998, 2000, 2002-2004, 2016-2017",8
"GOV_WGI_VA.SC","French Polynesia","PYF","1996, 1998, 2000, 2002-2018",20
"GOV_WGI_VA.SC","Greenland","GRL","1996, 1998, 2000, 2002-2008",10
"GOV_WGI_VA.SC","Guam","GUM","1996, 1998, 2000, 2002-2003",5
"GOV_WGI_VA.SC","Jersey","","1996, 1998, 2000, 2002-2010",12
"GOV_WGI_VA.SC","Martinique","","2018-2024",7
"GOV_WGI_VA.SC","Montenegro","MNE","1996",1
"GOV_WGI_VA.SC","Netherlands Antilles","","1996, 1998, 2000, 2002-2003, 2018-2024",12
"GOV_WGI_VA.SC","New Caledonia","NCL","1996, 1998, 2000, 2002-2017",19
"GOV_WGI_VA.SC","Niue","","1996, 1998, 2000, 2002-2008, 2016-2017",12
"GOV_WGI_VA.SC","Reunion","","1996, 1998, 2000, 2002-2003, 2018-2024",12
"GOV_WGI_VA.SC","South Sudan","SSD","1996, 1998, 2000, 2002-2010",12
"GOV_WGI_VA.SC","Virgin Islands (U.S.)","VIR","1996, 1998, 2000, 2002-2003, 2018-2024",12
"GOV_WGI_VA.SC_LB","American Samoa","ASM","1996, 1998, 2000, 2002-2003, 2018",6
"GOV_WGI_VA.SC_LB","Anguilla","","1996, 1998, 2000, 2002-2003, 2018-2024",12
"GOV_WGI_VA.SC_LB","Aruba","ABW","1996, 1998, 2000, 2002-2003",5
"GOV_WGI_VA.SC_LB","Bermuda","BMU","2018-2024",7
"GOV_WGI_VA.SC_LB","Cook Islands","","1996, 1998, 2000, 2002-2004, 2016-2017",8
"GOV_WGI_VA.SC_LB","French Polynesia","PYF","1996, 1998, 2000, 2002-2018",20
"GOV_WGI_VA.SC_LB","Greenland","GRL","1996, 1998, 2000, 2002-2008",10
"GOV_WGI_VA.SC_LB","Guam","GUM","1996, 1998, 2000, 2002-2003",5
"GOV_WGI_VA.SC_LB","Jersey","","1996, 1998, 2000, 2002-2010",12
"GOV_WGI_VA.SC_LB","Martinique","","2018-2024",7
"GOV_WGI_VA.SC_LB","Montenegro","MNE","1996",1
"GOV_WGI_VA.SC_LB","Netherlands Antilles","","1996, 1998, 2000, 2002-2003, 2018-2024",12
"GOV_WGI_VA.SC_LB","New Caledonia","NCL","1996, 1998, 2000, 2002-2017",19
"GOV_WGI_VA.SC_LB","Niue","","1996, 1998, 2000, 2002-2008, 2016-2017",12
"GOV_WGI_VA.SC_LB","Reunion","","1996, 1998, 2000, 2002-2003, 2018-2024",12
"GOV_WGI_VA.SC_LB","South Sudan","SSD","1996, 1998, 2000, 2002-2010",12
"GOV_WGI_VA.SC_LB","Virgin Islands (U.S.)","VIR","1996, 1998, 2000, 2002-2003, 2018-2024",12
"GOV_WGI_VA.SC_UB","American Samoa","ASM","1996, 1998, 2000, 2002-2003, 2018",6
"GOV_WGI_VA.SC_UB","Anguilla","","1996, 1998, 2000, 2002-2003, 2018-2024",12
"GOV_WGI_VA.SC_UB","Aruba","ABW","1996, 1998, 2000, 2002-2003",5
"GOV_WGI_VA.SC_UB","Bermuda","BMU","2018-2024",7
"GOV_WGI_VA.SC_UB","Cook Islands","","1996, 1998, 2000, 2002-2004, 2016-2017",8
"GOV_WGI_VA.SC_UB","French Polynesia","PYF","1996, 1998, 2000, 2002-2018",20
"GOV_WGI_VA.SC_UB","Greenland","GRL","1996, 1998, 2000, 2002-2008",10
"GOV_WGI_VA.SC_UB","Guam","GUM","1996, 1998, 2000, 2002-2003",5
"GOV_WGI_VA.SC_UB","Jersey","","1996, 1998, 2000, 2002-2010",12
"GOV_WGI_VA.SC_UB","Martinique","","2018-2024",7
"GOV_WGI_VA.SC_UB","Montenegro","MNE","1996",1
"GOV_WGI_VA.SC_UB","Netherlands Antilles","","1996, 1998, 2000, 2002-2003, 2018-2024",12
"GOV_WGI_VA.SC_UB","New Caledonia","NCL","1996, 1998, 2000, 2002-2017",19
"GOV_WGI_VA.SC_UB","Niue","","1996, 1998, 2000, 2002-2008, 2016-2017",12
"GOV_WGI_VA.SC_UB","Reunion","","1996, 1998, 2000, 2002-2003, 2018-2024",12
"GOV_WGI_VA.SC_UB","South Sudan","SSD","1996, 1998, 2000, 2002-2010",12
"GOV_WGI_VA.SC_UB","Virgin Islands (U.S.)","VIR","1996, 1998, 2000, 2002-2003, 2018-2024",12
"GOV_WGI_VA.SE","American Samoa","ASM","1996, 1998, 2000, 2002-2003, 2018",6
"GOV_WGI_VA.SE","Anguilla","","1996, 1998, 2000, 2002-2003, 2018-2024",12
"GOV_WGI_VA.SE","Aruba","ABW","1996, 1998, 2000, 2002-2003",5
"GOV_WGI_VA.SE","Bermuda","BMU","2018-2024",7
"GOV_WGI_VA.SE","Cook Islands","","1996, 1998, 2000, 2002-2004, 2016-2017",8
"GOV_WGI_VA.SE","French Polynesia","PYF","1996, 1998, 2000, 2002-2018",20
"GOV_WGI_VA.SE","Greenland","GRL","1996, 1998, 2000, 2002-2008",10
"GOV_WGI_VA.SE","Guam","GUM","1996, 1998, 2000, 2002-2003",5
"GOV_WGI_VA.SE","Jersey","","1996, 1998, 2000, 2002-2010",12
"GOV_WGI_VA.SE","Martinique","","2018-2024",7
"GOV_WGI_VA.SE","Montenegro","MNE","1996",1
"GOV_WGI_VA.SE","Netherlands Antilles","","1996, 1998, 2000, 2002-2003, 2018-2024",12
"GOV_WGI_VA.SE","New Caledonia","NCL","1996, 1998, 2000, 2002-2017",19
"GOV_WGI_VA.SE","Niue","","1996, 1998, 2000, 2002-2008, 2016-2017",12
"GOV_WGI_VA.SE","Reunion","","1996, 1998, 2000, 2002-2003, 2018-2024",12
"GOV_WGI_VA.SE","South Sudan","SSD","1996, 1998, 2000, 2002-2010",12
"GOV_WGI_VA.SE","Virgin Islands (U.S.)","VIR","1996, 1998, 2000, 2002-2003, 2018-2024",12
"GOV_WGI_VA.SR","American Samoa","ASM","1996, 1998, 2000, 2002-2003, 2018",6
"GOV_WGI_VA.SR","Anguilla","","1996, 1998, 2000, 2002-2003, 2018-2024",12
"GOV_WGI_VA.SR","Aruba","ABW","1996, 1998, 2000, 2002-2003",5
"GOV_WGI_VA.SR","Bermuda","BMU","2018-2024",7
"GOV_WGI_VA.SR","Cook Islands","","1996, 1998, 2000, 2002-2004, 2016-2017",8
"GOV_WGI_VA.SR","French Polynesia","PYF","1996, 1998, 2000, 2002-2018",20
"GOV_WGI_VA.SR","Greenland","GRL","1996, 1998, 2000, 2002-2008",10
"GOV_WGI_VA.SR","Guam","GUM","1996, 1998, 2000, 2002-2003",5
"GOV_WGI_VA.SR","Jersey","","1996, 1998, 2000, 2002-2010",12
"GOV_WGI_VA.SR","Martinique","","2018-2024",7
"GOV_WGI_VA.SR","Montenegro","MNE","1996",1
"GOV_WGI_VA.SR","Netherlands Antilles","","1996, 1998, 2000, 2002-2003, 2018-2024",12
"GOV_WGI_VA.SR","New Caledonia","NCL","1996, 1998, 2000, 2002-2017",19
"GOV_WGI_VA.SR","Niue","","1996, 1998, 2000, 2002-2008, 2016-2017",12
"GOV_WGI_VA.SR","Reunion","","1996, 1998, 2000, 2002-2003, 2018-2024",12
"GOV_WGI_VA.SR","South Sudan","SSD","1996, 1998, 2000, 2002-2010",12
"GOV_WGI_VA.SR","Virgin Islands (U.S.)","VIR","1996, 1998, 2000, 2002-2003, 2018-2024",12
